g,art,w,u,ureal,ureal 10s,replicas
2.69,1.03,9,12.6,11.8,12.3,3
3.6,1.01,2,10.3,15.5,13,3
4.88,972 ms,6,12.6,8.18,12.1,3
5.4,933 ms,11,13.6,6.36,10.9,3
4.88,966 ms,3,12.8,5.45,12.7,3
4.29,989 ms,2,13.2,10.9,15.4,3
2.69,978 ms,1,11,17.3,14.8,3
4.29,987 ms,2,12.6,28.2,14.1,2
3.6,948 ms,2,12.9,7.27,12.8,2
3.6,956 ms,9,10.8,5.45,8.27,2
4.88,963 ms,2,11.2,17.3,9.91,2
6.3,943 ms,6,10.7,2.73,10.5,2
5.87,965 ms,7,12.2,4.55,9.55,2
3.6,948 ms,0,13,14.5,12.9,2
5.4,993 ms,4,12.4,16.4,14.3,2
5.4,989 ms,3,12.8,8.18,12.8,2
4.29,951 ms,2,9.33,7.27,10.9,2
6.49,949 ms,4,10.9,10.9,10.3,2
4.88,886 ms,0,10.6,7.27,11.4,2
4.88,922 ms,2,10.9,15.5,12.3,2
6.3,939 ms,2,13,9.09,13.4,2
5.87,930 ms,6,11.7,17.3,12.9,2
4.29,934 ms,4,10.1,8.18,10.2,2
5.91,928 ms,5,11.1,7.27,10.2,2
2.69,921 ms,3,11.3,3.64,10.5,2
5.4,908 ms,2,10.4,16.4,9.36,2
5.4,873 ms,1,10,13.6,9.73,2
5.4,899 ms,5,10.3,7.27,10.5,2
4.88,878 ms,3,9.78,12.7,10.1,2
4.88,836 ms,4,8.22,9.09,9.09,2
4.29,848 ms,3,9,9.09,9.18,2
4.29,825 ms,5,11,19.1,10,2
4.88,824 ms,3,11.6,12.7,10.3,2
5.4,839 ms,5,10.4,12.7,11.5,2
4.29,863 ms,0,11,18.2,11.6,2
4.29,852 ms,0,10.3,10,10.5,2
3.6,871 ms,5,10.8,5.45,9.73,2
3.6,888 ms,0,10.4,7.27,10.9,2
5.87,910 ms,2,12.1,9.09,11.9,2
4.29,871 ms,3,11,18.2,11.3,2
10.5,867 ms,5,14.4,19.1,12.5,2
10.5,1,8,17.2,18.2,14.7,2
10.3,1.1,17,17.7,15.5,16.3,2
3.6,1.15,1,11.8,5.45,15.5,2
2.69,1.13,2,9.11,6.36,13.3,2
6.7,1.16,11,13.9,6.36,11.9,2
8.4,1.23,7,15.6,18.2,14.3,3
5.87,1.21,6,14.7,20.9,17,3
5.4,1.11,11,15.8,14.5,15.8,3
5.87,1.09,13,20.7,20.9,17,3
4.88,1.11,12,17.7,17.3,17.9,3
5.87,1.12,3,17.8,20.9,21.2,3
23.8,1.17,15,20.8,35.5,23.5,3
7.43,1.15,12,25.3,4.55,21.4,3
5.87,1.21,1,19.7,30.9,23.8,3
9.53,1.21,5,19.4,26.4,22.2,3
3.6,1.24,11,20.3,12.7,17.7,3
3.6,1.19,3,15.3,18.2,17.3,3
2.69,1.08,9,15.4,7.27,14.8,4
5.91,1.02,7,12.4,7.27,12.6,4
3.6,961 ms,0,12.6,7.27,13.3,4
4.29,890 ms,8,13.4,6.36,10.9,4
7.89,891 ms,9,15.3,19.1,13.2,4
4.88,896 ms,5,13.6,11.8,16.2,4
6.03,917 ms,5,14.4,28.2,15.3,2
8.4,931 ms,13,15,14.5,15.7,2
10.5,1.02,6,16.4,17.3,16.2,2
6.3,1.09,7,15,20,15.5,2
9.53,1.21,6,16.1,14.5,14.1,2
9.8,1.27,21,18.1,18.2,16.3,2
13.5,1.37,30,18.2,20,17.4,2
11.2,1.61,23,16.9,13.6,15.7,2
9.53,1.69,13,14.3,20.9,16.4,2
13.1,1.8,21,17,16.4,16.4,3
14.8,1.84,16,18.8,21.8,17.2,3
4.88,1.82,0,15.9,20,20,3
8.42,1.73,3,20.1,20.9,20,3
4.88,1.53,3,21.1,4.55,19.6,3
9.8,1.46,8,20.8,24.5,20.6,3
15.6,1.33,12,24.9,27.3,22.8,3
11.8,1.16,12,25.9,25.5,24,4
5.97,1.15,10,22,24.5,22.5,4
7.07,1.13,12,24.4,11.8,21.6,4
4.29,1.12,12,24.9,27.3,23.1,4
4.29,1.05,1,18.8,30,22.3,4
5.4,1.06,5,20.4,12.7,20.1,4
7.07,1.09,6,23.4,16.4,22.1,4
4.88,1.09,11,21,23.6,21.1,4
5.4,1.09,1,18.3,33.6,20.6,4
7.43,1.08,2,21.9,28.2,23,4
8.04,1.1,6,25.1,19.1,23.4,4
3.6,1.06,0,19.3,19.1,22.2,4
7.47,1.02,10,16.8,17.3,18.3,4
5.4,1.03,12,22.8,26.4,17.7,4
6.85,1.06,5,20.3,30.9,21.3,4
4.29,1.07,3,21.7,41.8,23.7,4
5.42,1.04,2,22.2,30.9,22.4,4
6.3,1.04,3,22.8,16.4,21.6,4
9.81,1.03,11,23.2,20,22.6,3
8.5,1.05,12,23.3,11.8,22.2,3
15.2,1.11,12,24.7,30.9,25.3,3
4.29,1.11,11,22.8,32.7,24.7,3
16.6,1.25,21,26.6,29.1,24.5,3
10.5,1.35,17,22.8,34.5,25.7,3
9.56,1.4,19,27.2,39.1,23.6,4
8.09,1.42,19,26.8,32.7,25.5,4
8.61,1.34,2,21.8,17.3,23.9,4
7.07,1.32,0,23.4,38.2,24,4
7.07,1.19,0,24.2,20.9,25.1,4
7.07,1.2,17,29.6,29.1,22.7,4
10.2,1.17,11,31.2,38.2,26.1,4
2.69,1.09,2,23.4,32.7,29.3,4
12.1,1.05,10,20.4,12.7,21,4
4.29,1.09,10,21.8,19.1,16.5,4
6.3,1.19,6,20.9,6.36,21.7,4
10.5,1.19,5,24.9,39.1,26.2,4
5.13,1.13,8,25.7,18.2,24.1,4
5.87,1.15,11,23,24.5,20.9,4
7.99,1.18,11,24,26.4,23.8,4
8.99,1.16,12,24.7,18.2,25.6,4
6.3,1.07,8,24,21.8,25.5,4
5.4,979 ms,4,23.8,17.3,26.7,4
5.4,1.11,17,30,38.2,28.3,4
4.88,1.16,9,26.3,19.1,25.2,4
6.7,1.22,6,24.2,8.18,25.3,4
7.74,1.22,10,23.1,8.18,24.1,4
5.87,1.23,11,22.8,5.45,19.8,4
15,1.22,8,24.9,23.6,24,4
4.29,1.13,0,25.2,22.7,27.5,4
8.34,1.14,1,22,28.2,23,4
6.54,1.09,0,23.6,24.5,22,4
5.88,1.07,4,22.2,6.36,22.3,4
8.44,1.13,4,24.4,35.5,24.5,4
8.25,1.11,2,25.6,34.5,28,4
4.88,1.08,5,23.6,6.36,23.3,4
9.78,1.03,3,23.4,20,20.8,4
12.3,1.03,10,26.2,25.5,22.8,4
4.88,1.02,9,23.8,6.36,25,4
4.29,980 ms,9,19.7,4.55,21.3,4
18.8,1.05,13,24.2,24.5,21.4,4
6.71,1.16,11,23.4,30.9,23.2,4
7.77,1.25,12,24.6,12.7,24.1,4
8.63,1.32,7,23.3,10.9,26.8,4
6.7,1.35,11,23,5.45,23.3,4
6.7,1.38,5,23.9,11.8,24.7,4
7.13,1.35,8,23.6,8.18,24.1,4
6.06,1.25,7,23.9,14.5,22.7,4
8.14,1.2,8,21.3,10.9,23.5,4
10.8,1.28,11,25,40.9,27.5,4
10.8,1.32,18,30.7,26.4,26.8,4
4.29,1.31,12,26.2,30,21.6,4
4.31,1.27,1,21.2,31.8,23.2,4
8.73,1.28,10,22.2,12.7,20.7,4
12.7,1.26,9,25.2,16.4,23.5,4
6.3,1.09,8,22.4,19.1,24,4
7.22,1.04,9,21.6,10,22.2,4
6.21,1,7,20.8,29.1,24.8,4
6.7,1.08,14,24.1,35.5,21.5,4
9.81,1.1,6,27.1,30,23.1,4
9.81,1.08,17,28.2,33.6,26.9,4
6.7,1.15,11,29.4,33.6,25,4
7.77,1.17,10,28.3,7.27,27.4,4
8.7,1.19,4,23.1,28.2,29.4,4
6.35,1.16,0,23.6,37.3,27.4,4
5.87,1.17,6,26.3,40.9,26.5,4
7.31,1.16,5,25.8,40,24.9,4
7.54,1.11,2,24.7,27.3,24.7,4
7.54,1.21,16,30.1,32.7,25.4,4
5.4,1.23,14,30.9,28.2,26.2,4
13.3,1.24,8,27,21.8,30.6,4
13.3,1.29,26,31.4,36.4,31.8,4
10,1.34,11,30.2,25.5,26.9,4
10.3,1.39,11,27.7,15.5,26.5,4
7.07,1.26,5,23.8,19.1,28,5
8.04,1.24,11,23.7,12.7,23.5,5
6.1,1.15,8,25,15.5,23.6,5
6.97,1.1,11,24.2,20,24.4,5
7.07,1.06,7,24.1,7.27,22.8,5
20.5,1.05,6,26.2,14.5,26.3,5
13.1,1.06,6,30.9,38.2,31.6,5
5.53,998 ms,0,28.8,38.2,31.6,5
17.3,1.03,7,26.8,16.4,24.8,5
7.94,1,11,26.6,22.7,21.4,4
10.7,1.01,13,26,27.3,24.7,4
5.98,990 ms,11,23,24.5,26.2,4
8.63,1.02,11,23.6,20.9,24.8,4
8.63,1.18,29,30.3,36.4,28.4,4
13.5,1.26,11,30.8,30.9,29.8,4
6.61,1.28,8,26.4,25.5,26.9,4
7.52,1.27,14,25.2,27.3,26.8,4
7.43,1.29,16,25.4,27.3,26.1,4
12.5,1.24,10,27.7,23.6,26.7,4
9.71,1.15,10,26.6,21.8,31.3,4
9.71,1.21,35,34,37.3,32.3,4
32.6,1.31,25,35.1,32.7,31.2,4
11.4,1.36,10,27.1,24.5,29.5,4
9.21,1.33,5,25.2,25.5,28.7,4
13.3,1.4,6,27,23.6,31.3,5
4.88,1.35,2,26.8,36.4,31.4,5
5.53,1.23,3,25.1,12.7,25.6,5
7.07,1.17,2,25.6,36.4,25.5,5
22.2,1.16,14,30.3,45.5,29,5
8.28,1.21,13,33.3,34.5,26.9,5
6.21,1.14,3,29.8,32.7,29,5
8.35,1.19,2,21.8,35.5,29.4,5
11.4,1.18,5,27.9,40,26.6,5
11.4,1.23,13,31.7,37.3,27.3,4
12.5,1.23,10,32.8,20,30.1,4
23.9,1.22,7,28.2,37.3,33,4
10.8,1.2,14,27.4,24.5,28.9,4
9.99,1.2,13,25.9,32.7,25.6,4
20.6,1.23,16,28.8,32.7,28.5,4
7.18,1.15,14,27.1,29.1,28.3,4
7.18,1.18,49,34.3,33.6,29.5,4
19.6,1.3,23,30.9,35.5,31.9,4
11.4,1.4,13,27.1,33.6,29.2,4
6.3,1.41,11,30,35.5,27.3,4
9.55,1.38,12,28,19.1,27.7,4
9.54,1.42,12,28.9,43.6,32.7,4
9.54,1.39,12,32.8,38.2,33.1,4
10.5,1.35,6,28.9,11.8,27.9,4
10.5,1.39,23,29.3,35.5,26.9,5
11.8,1.4,3,34.1,32.7,31.6,5
11.8,1.42,17,34.3,38.2,33.1,5
10.5,1.32,3,34.4,40,34.2,5
10.5,1.32,14,32.4,39.1,30.5,5
10.8,1.23,12,32.3,30.9,25.9,5
5.98,1.1,15,25.1,27.3,25.5,6
5.98,1.14,13,31.7,28.2,27.9,6
5.4,1.11,8,29.2,9.09,31.5,6
5.4,1.33,16,28.3,33.6,30.6,6
5.4,1.43,10,35.3,39.1,35.2,6
5.4,1.59,13,36,35.5,36.6,6
5.4,1.68,12,38.4,40,36.5,6
5.4,1.58,13,36.6,33.6,37.5,6
7.38,1.61,10,29.7,39.1,32.4,6
7.38,1.56,20,33.8,42.7,33.5,5
7.94,1.45,11,32.4,22.7,31.8,5
9.61,1.33,3,31.4,47.3,32.5,5
11.8,1.23,13,30.9,38.2,33.9,5
4.29,1.33,17,30.3,35.5,26.2,5
6.35,1.34,4,30.3,8.18,29.7,5
9.1,1.32,10,25.9,30.9,29.6,5
6.3,1.29,11,29.7,36.4,25.7,5
8.14,1.28,14,29.3,36.4,26.5,5
3.6,1.26,3,24.3,35.5,27.5,5
9.49,1.19,1,21.7,32.7,24.2,5
5.21,1.13,12,24,16.4,19.4,5
7.16,1.03,14,23.6,27.3,21.4,5
4.88,970 ms,4,23.3,13.6,24.7,5
6.3,970 ms,10,23.4,9.09,21.1,5
3.6,992 ms,4,23,4.55,22.3,4
8.95,1,5,24.1,10.9,26.6,4
8.44,1.01,10,26.3,10,23.5,4
4.29,1.02,9,22.6,14.5,21.1,3
13.7,1.08,15,20.2,17.3,21,3
8.88,1.08,4,17.8,30,21.4,3
8.7,1.1,2,22,27.3,21,3
3.6,1.09,9,20.8,9.09,18.5,3
6.3,1.16,12,20.2,26.4,17.1,3
13.7,1.2,16,21.4,30.9,20.7,3
4.88,1.19,4,20.8,31.8,22.7,3
6.7,1.16,8,19.8,7.27,19.1,3
4.88,1.14,18,21.4,17.3,17.6,3
5.4,1.15,4,17.9,4.55,19.9,3
5.87,1.13,7,15.3,18.2,18.8,3
4.88,1.07,12,15.8,18.2,16.1,3
4.29,1.05,10,15,12.7,15.7,3
3.6,1.02,3,12.6,3.64,14.5,3
6.31,1.03,3,13.7,12.7,14.6,3
3.6,987 ms,3,13.2,5.45,14.6,3
4.88,936 ms,5,10.7,15.5,12,3
8.83,909 ms,5,13,24.5,12.7,3
6.99,942 ms,12,19.8,10,15.6,3
3.6,987 ms,9,19.8,22.7,17.5,3
9.01,946 ms,5,16.4,23.6,18.9,3
4.88,954 ms,4,17.9,20.9,19.9,3
8.4,964 ms,3,17.8,20.9,18.4,3
3.6,997 ms,0,18.7,4.55,17.4,3
10.3,988 ms,10,18.8,8.18,19.4,3
8.07,1,8,18.7,15.5,20.7,3
7.88,986 ms,8,12.7,10.9,17.1,3
6.34,969 ms,8,16,10,13.2,3
5.59,987 ms,0,15.9,18.2,15,3
7.77,997 ms,9,18.1,23.6,16.5,3
2.69,956 ms,2,15.8,13.6,17,3
3.6,916 ms,0,11.8,14.5,14.5,3
4.29,948 ms,0,15,29.1,14.3,3
8.13,977 ms,12,16.2,16.4,19.4,3
6.7,959 ms,4,16.2,9.09,18.8,3
5.8,920 ms,5,14.2,4.55,14.3,3
4.29,915 ms,2,10.7,7.27,12,3
3.6,921 ms,2,12.2,16.4,12.4,3
4.29,883 ms,4,9.44,8.18,10.9,3
3.6,834 ms,6,10.4,3.64,9.36,3
4.88,821 ms,10,12.7,15.5,10.9,3
7.07,854 ms,2,14.1,23.6,13.4,2
5.4,870 ms,3,14.3,12.7,13.9,2
4.29,878 ms,3,10.6,5.45,12.3,2
4.29,890 ms,7,13.8,8.18,12.1,2
4.29,924 ms,0,12.2,8.18,12.6,2
6.7,955 ms,7,12.1,7.27,11.6,2
4.29,907 ms,5,10.9,10.9,10.7,2
4.29,934 ms,2,13.6,17.3,13.2,2
4.88,898 ms,0,10.7,10,13.2,2
4.88,918 ms,10,14,12.7,10.5,2
6.3,956 ms,0,13.6,21.8,13.5,2
7.77,954 ms,0,12.8,20,15,2
4.88,982 ms,5,13,4.55,12,2
7.07,991 ms,8,14,21.8,12.7,2
2.69,1.02,1,14.4,16.4,15.3,2
3.6,1.02,2,13,8.18,12.6,2
9.88,974 ms,8,10.9,12.7,10.2,2
5.87,927 ms,4,10.6,5.45,9.55,2
5.87,913 ms,4,12.2,7.27,11.1,2
5.46,841 ms,2,13.2,5.45,12.6,2
9.69,824 ms,14,12.4,15.5,10.6,2
10.9,817 ms,11,13,4.55,10.3,2
8.25,840 ms,4,11.4,8.18,11.5,2
7.12,861 ms,4,11.8,8.18,12.1,2
2.69,850 ms,2,11,12.7,10.8,2
3.6,857 ms,2,9.78,4.55,10.7,2
2.69,875 ms,1,9.57,10.9,10.8,2
7.07,907 ms,4,12.7,20.9,11.6,2
0.5,885 ms,0,13.1,13.6,12.5,2
11.4,895 ms,4,9.89,4.55,10.3,2
4.88,915 ms,6,11.1,5.45,10.6,2
4.88,929 ms,2,9.67,10,10.7,2
3.6,944 ms,1,9.44,18.2,9.73,2
4.29,909 ms,2,10.7,12.7,10.5,2
4.29,918 ms,0,10.8,12.7,10.7,2
3.6,900 ms,2,11.4,7.27,10.1,2
6.21,889 ms,5,11.3,7.27,11.5,2
4.88,833 ms,5,7.67,3.64,9.64,2
4.29,793 ms,4,8.33,6.36,7,2
8.12,821 ms,7,10.2,14.5,9.55,2
4.88,796 ms,8,11.8,4.55,10.5,2
4.29,805 ms,1,12,7.27,12,2
2.69,834 ms,1,11.8,8.18,13,2
3.6,885 ms,2,8.44,16.4,11.1,2
5.56,911 ms,6,11.3,10,9.36,2
3.6,876 ms,2,9.67,9.09,9.82,2
5.4,912 ms,2,11.2,19.1,11.1,2
5.47,904 ms,3,15.2,20,13.6,2
3.6,854 ms,0,11.6,8.18,12.7,2
4.29,839 ms,0,10.4,9.09,10.4,2
9.8,871 ms,3,14.1,20.9,14.7,2
7.36,916 ms,1,16.9,18.2,17.5,2
3.6,914 ms,4,16.4,14.5,17,2
2.69,938 ms,2,15.8,21.8,16.8,2
9.53,967 ms,5,13.4,18.2,13.5,2
4.88,1.05,9,18.7,16.4,13.7,3
4.29,1.01,1,15.9,24.5,17.2,3
4.29,1,2,17,27.3,17.3,3
7.43,1.02,3,16.7,27.3,18.4,3
10,1.05,8,21.1,14.5,19.8,3
4.29,1.04,12,18.7,6.36,16.1,3
8.8,1.01,10,19.5,26.4,17.5,3
4.29,997 ms,7,19,13.6,20.1,3
5.87,1.01,4,17,24.5,17.9,3
4.88,981 ms,5,15.8,7.27,15.5,3
8.7,989 ms,9,17,26.4,15.1,3
3.6,1.02,2,16.9,7.27,16.2,3
4.29,972 ms,2,13.7,25.5,13.4,3
4.88,1.01,4,14.8,5.45,12.6,3
4.88,962 ms,0,13.4,16.4,12.5,3
4.29,946 ms,4,12.6,19.1,11.5,3
4.88,875 ms,2,13.8,8.18,12.6,3
6.4,868 ms,6,15.7,19.1,13.9,3
4.88,888 ms,5,13.1,14.5,12.7,2
8.09,901 ms,9,14.8,14.5,12.4,2
7.43,964 ms,9,16.2,26.4,16,2
4.29,970 ms,6,14.8,4.55,15.3,2
4.29,1.04,2,14.4,8.18,15.5,2
9.53,1.07,10,16.3,11.8,16.8,2
10.5,1.22,15,19.2,16.4,17.5,3
5.87,1.2,7,17.1,3.64,19.8,3
5.4,1.19,2,19.2,23.6,19.5,3
6.7,1.23,6,18.7,6.36,18.4,3
7.77,1.21,13,20.8,8.18,17.9,3
4.88,1.21,4,16.8,28.2,20.1,3
8.99,1.05,0,18.8,30.9,22.4,3
3.6,1.06,7,21,6.36,20.3,3
8.74,1.07,10,17.3,15.5,16.8,3
5.87,1.07,4,17.1,23.6,18.7,3
8.46,1.05,13,21.8,20.9,20,3
9.8,1.08,18,24.2,19.1,21.3,3
19.1,1.18,26,23.3,30.9,24.7,3
8.61,1.21,0,20.1,25.5,24.4,3
14.1,1.2,9,23.8,26.4,23.5,3
7.77,1.19,14,25.7,16.4,23.1,4
8.26,1.23,10,22.3,30.9,23,4
6.3,1.25,7,24.7,10.9,26.8,4
8.85,1.2,9,25,13.6,25.4,4
7.71,1.12,5,20.4,10.9,19.8,4
4.88,1.14,11,20.6,23.6,17.6,4
3.6,1.15,8,20,18.2,19.4,4
5.91,1.07,3,18.2,15.5,21.7,4
4.29,1.01,5,22.6,20,21.6,4
12.1,975 ms,6,24.7,19.1,21.9,4
8.37,974 ms,15,25.4,30,21.7,4
6.3,980 ms,9,26.9,39.1,23.5,4
7.74,972 ms,12,28.1,6.36,24.2,4
7.77,1.03,5,23.9,21.8,26.4,4
11.3,1.08,9,25.6,31.8,27.5,4
6.31,1.07,6,25.2,31.8,25.8,4
16.9,1.11,10,24.4,18.2,24,4
6.95,1.05,17,28,36.4,22.8,4
8.4,1.08,10,28.7,19.1,25.4,4
14.5,1.15,8,25.6,28.2,29.7,4
6.3,1.09,11,26.9,15.5,26.5,4
3.6,1.12,5,21.9,14.5,22.2,4
13,1.16,9,24.7,29.1,26.2,4
8.25,1.17,13,26,25.5,24.6,4
9.78,1.17,4,25.3,20.9,26.5,4
5.4,1.1,0,25,13.6,29.3,4
6.74,1.09,5,23.1,15.5,23.5,4
7.54,1.12,9,25.2,24.5,24.2,4
7.54,1.12,13,29.3,37.3,27,4
13.8,1.12,13,29.2,27.3,27.1,4
7.77,1.12,12,24.4,34.5,26.3,4
6.7,1.12,16,28.3,32.7,24.9,4
4.88,1.17,12,27.4,20,26.5,4
16,1.17,12,24.8,28.2,27.9,4
5.87,1.14,21,25.6,30.9,25.9,4
10,1.12,2,24.8,30,25.2,4
17.9,1.1,10,26,37.3,26.9,4
14.2,1.01,16,28.8,37.3,27.8,4
9.7,972 ms,18,29.6,28.2,27,4
22.3,977 ms,17,29.8,30.9,28.1,4
9.02,1.01,12,29.9,36.4,29.5,4
24.7,995 ms,13,31.4,13.6,31.4,4
9.07,1.01,5,26.6,7.27,31.6,4
12,1.15,6,26.6,40.9,28.5,4
13,1.21,19,29,42.7,30.1,4
11,1.24,17,29.1,38.2,29.6,5
7.74,1.24,10,29.1,38.2,27,5
7.11,1.29,11,29.8,18.2,27.8,5
6.7,1.29,4,26.4,31.8,31.3,5
9.82,1.18,10,25.9,11.8,25.4,5
6.41,1.14,2,25.8,13.6,23.1,5
11.2,1.11,13,28.7,38.2,27.3,5
6.7,1.09,13,30.3,36.4,26,5
6.65,1.1,10,29.2,19.1,27.1,5
7.68,1.12,12,25.3,31.8,27,5
7.5,1.14,6,26.6,26.4,29,5
7.5,1.14,13,26.1,33.6,28.7,5
7.49,1.1,16,31.4,23.6,23.6,5
6.58,1.09,9,30.6,31.8,25.4,5
20.1,1.04,15,28.2,27.3,29.5,5
5.4,1,9,25.2,30,26.5,5
7.17,1.01,11,25,24.5,22.2,5
13.3,1.01,8,27.1,31.8,25.2,5
10.2,1.05,15,27.7,27.3,25.3,5
4.88,1.06,10,27.9,22.7,24.4,5
8.13,1.09,10,25.2,10.9,30.9,5
4.88,1.12,5,25.1,6.36,30.2,5
14,1.11,5,25.2,33.6,27.9,5
8.09,1.1,5,25.3,16.4,27,5
19.8,1.12,6,26.2,38.2,26.8,5
6.3,1.09,5,25.8,11.8,26.5,5
6.28,1.12,5,24.3,38.2,25.9,5
10.6,1.09,5,24.8,10.9,24,4
9.21,1.12,10,24.8,15.5,24.3,4
4.29,1.12,2,24.3,22.7,28.2,4
21.5,1.12,14,26.7,39.1,26.6,4
7.56,1.14,9,27.4,36.4,26.1,4
13.4,1.1,8,26.7,39.1,24.8,4
4.88,1.12,2,24.9,29.1,23.8,4
4.29,1.1,13,25.2,33.6,22.5,4
7.4,1.13,17,28.3,30,24.2,4
5.87,1.09,11,26.3,18.2,25.1,4
10.3,1.1,9,24.8,20,24.5,4
9.66,1.14,7,25.7,36.4,30.7,4
9.18,1.14,9,28,30.9,30.6,4
7.25,1.12,7,27.4,34.5,25.8,4
5.4,1.13,22,28.6,35.5,24.4,4
7.07,1.14,12,28,12.7,25.5,4
4.29,1.13,12,22.2,30,24.9,4
6.83,1.09,14,24.2,26.4,24.1,4
8.59,1.1,10,26,29.1,26.1,4
17.6,1.11,17,27.5,33.6,28.7,4
10.6,1.08,15,28.3,33.6,30.4,4
7.34,1.02,14,27.4,28.2,29,4
9.06,1.02,17,27,29.1,26.5,4
7.43,1.05,6,26.8,8.18,24.2,4
8.15,1.04,8,23.6,14.5,25.3,4
10,1.07,8,24.4,11.8,28,4
10.3,1.18,3,26,31.8,29.5,4
5.92,1.23,5,25.4,20,27.4,4
11.7,1.24,6,25.6,17.3,25,4
8.4,1.25,2,25.8,32.7,25.1,4
7.07,1.27,2,24.6,40,24.2,4
7.07,1.35,18,27.6,35.5,22.8,4
9.53,1.28,10,30.1,28.2,27.9,4
9.79,1.3,7,24.6,14.5,29,4
11.9,1.25,16,25.9,20,24.1,4
5.04,1.23,10,25,26.4,24.5,4
5.04,1.2,18,30.8,36.4,30.7,4
7.07,1.1,15,30.4,32.7,31.7,4
12.6,1.07,16,27.9,21.8,26.3,4
9.24,1.09,11,25.3,16.4,25.7,4
10.7,1.17,12,24.1,30.9,29.5,4
17,1.15,13,26.4,21.8,28.6,4
4.29,1.14,0,26.2,35.5,28.8,4
4.29,1.14,21,28.4,40.9,28.7,4
8.25,1.11,13,30.3,31.8,26.7,4
4.29,1.05,10,26.4,26.4,27.4,4
7.89,1.02,13,23.3,17.3,27.4,4
18.6,1.08,12,27.1,34.5,31.5,4
8.77,1.09,5,28.4,34.5,31.9,4
11.7,1.09,14,26.8,33.6,28,4
9.25,1.11,17,29,30.9,25.8,4
10.5,1.15,9,29.4,30,26.5,4
10.1,1.21,5,26.9,31.8,29.9,4
7.41,1.13,3,26.1,39.1,32.4,4
7.41,1.16,21,30,32.7,28.2,4
9.53,1.22,14,29.9,30.9,25.5,4
4.88,1.25,8,23.4,13.6,26.2,4
6.3,1.25,7,24.1,17.3,26.8,4
9.37,1.17,10,25.6,20.9,24,4
11.5,1.18,8,22.6,31.8,22.8,4
18.7,1.12,7,25.4,33.6,27.8,4
18.7,1.03,21,30.2,35.5,29.7,4
12.9,992 ms,13,32,34.5,29.5,4
11.2,998 ms,11,29.4,30.9,28.6,4
13,1.01,10,28.3,12.7,28.6,4
6.3,1.07,4,26.4,41.8,33.5,4
8.7,1.12,11,26.2,39.1,31.2,4
8.09,1.22,17,28.7,31.8,24,4
9.55,1.24,11,28.3,29.1,25,4
6.3,1.17,4,27,35.5,31.5,5
13.5,1.21,10,25.2,15.5,28.3,5
3.6,1.18,14,24.7,22.7,20.3,5
8.63,1.13,14,26.4,28.2,23.5,5
5.87,1.07,16,24.6,34.5,26.2,5
9.52,1.08,11,27.3,16.4,27.5,5
9.99,1.1,8,27.2,14.5,29.3,4
5.87,1.07,7,24,8.18,22.3,4
8.8,1.11,14,24.9,34.5,21,4
12.3,1.11,14,25.2,29.1,26.9,4
12.3,1.12,14,23.2,32.7,25.7,4
11.9,1.08,11,27.8,33.6,25.6,4
11.9,1.15,11,30,31.8,26.9,4
9.79,1.15,11,30.8,25.5,28.5,4
8.3,1.12,10,23.4,34.5,29.3,4
7.68,1.08,3,23.2,24.5,26.3,4
8.62,1.04,6,23.8,15.5,22,4
5.54,1.01,2,22.9,17.3,21,4
19.8,1,6,23.7,16.4,20.6,4
10.9,992 ms,5,26.1,30.9,22.5,4
6.82,981 ms,12,23.6,24.5,23.1,4
5.4,1.03,14,22.3,14.5,18.6,4
11.8,1.1,15,26.4,30,21.7,4
4.29,1.14,3,22.6,27.3,25,4
6.3,1.08,3,20.2,12.7,21.9,4
3.6,1.02,5,20.7,7.27,17.5,4
4.99,1.01,4,16.7,7.27,16.7,4
3.6,959 ms,5,20.2,4.55,19,4
5.87,938 ms,9,20.7,21.8,20.2,4
4.88,947 ms,3,21.6,9.09,24.5,4
5.4,995 ms,12,21.1,20.9,23.3,4
4.88,1.05,9,19.6,9.09,20.2,4
5.4,1.03,4,17.9,30.9,22.4,4
2.69,1.02,4,15.7,10,17.8,4
6.7,1,6,18.9,19.1,15.4,4
3.6,963 ms,7,16.7,3.64,14.5,4
4.58,937 ms,1,16.8,8.18,16.1,3
4.88,911 ms,6,15.9,5.45,18.4,3
5.4,920 ms,0,13.4,17.3,15.7,3
2.69,970 ms,8,14.9,4.55,13.6,3
4.88,978 ms,2,16.8,24.5,16.8,3
3.6,966 ms,6,14.3,3.64,16.5,3
2.69,955 ms,2,16.6,20.9,16.2,3
3.6,949 ms,3,12.8,11.8,15.3,3
2.69,965 ms,7,14.1,9.09,11.1,3
4.88,946 ms,15,15.7,17.3,13.2,3
2.69,958 ms,0,15.7,16.4,16.4,3
9.57,977 ms,15,19,14.5,18.1,3
4.29,986 ms,4,17.2,5.45,17.5,3
3.6,1,2,14.3,15.5,15.9,3
3.6,1.01,20,17.2,27.3,14.9,3
3.6,989 ms,4,18.9,15.5,17.3,3
7.07,1.01,9,18.9,15.5,18.1,3
10.3,1.06,4,18.2,24.5,18.9,3
4.88,1.03,3,18.1,21.8,20.5,3
5.4,1.02,10,18.1,7.27,18.3,3
4.29,1,4,15.9,21.8,17.7,3
4.88,1,0,14.6,25.5,16.1,3
4.29,937 ms,6,14.3,6.36,11.4,3
5.87,879 ms,4,13,20.9,14.3,3
3.6,896 ms,6,14.1,7.27,16.3,3
5.4,931 ms,4,16.3,24.5,15.5,3
4.29,896 ms,4,16,5.45,16.3,3
3.6,894 ms,8,13.8,3.64,12.8,3
3.6,912 ms,3,10.9,14.5,11.7,3
8.99,980 ms,1,14,30,13.7,3
4.92,962 ms,2,15.3,13.6,13.6,3
4.29,888 ms,2,10.3,6.36,11.5,3
4.88,909 ms,5,12.9,7.27,10.5,3
6.4,894 ms,6,11.8,16.4,12,3
7,877 ms,7,11.2,5.45,11.5,3
3.6,848 ms,1,11.8,20,10.5,3
4.29,836 ms,6,13.7,4.55,11.8,3
6.3,917 ms,2,12.2,20,13.5,2
5.44,932 ms,4,14.1,11.8,13.7,2
3.6,965 ms,1,9,18.2,13,2
3.6,979 ms,3,9.33,6.36,10.6,2
2.69,926 ms,0,7.67,10,7.73,2
4.29,977 ms,8,12.1,10.9,9.36,2
5.87,952 ms,0,13.8,17.3,13.4,2
4.88,962 ms,16,15.9,17.3,14.9,2
4.29,974 ms,0,12.6,11.8,14.1,2
10.9,988 ms,6,11.9,10.9,12.2,2
3.6,982 ms,3,11.2,15.5,11.4,2
3.6,935 ms,0,9.33,6.36,10.1,2
4.88,905 ms,3,9.78,9.09,7.73,2
2.69,890 ms,3,9.22,10.9,9.45,2
3.6,877 ms,2,10.3,8.18,11.4,2
3.6,834 ms,2,10.9,16.4,10.4,2
3.6,823 ms,1,10.4,10.9,10.1,2
4.29,799 ms,6,11.1,5.45,10.2,2
4.29,807 ms,3,10,4.55,9.73,2
3.71,781 ms,2,8.44,8.18,9.36,2
0.5,785 ms,0,9.89,13.6,9.36,2
2.69,788 ms,3,10.2,11.8,10.5,2
4.29,815 ms,2,10.7,7.27,10.5,2
0.5,837 ms,1,8.56,8.18,8.55,2
3.6,795 ms,3,8.78,13.6,8.09,2
4.88,826 ms,6,11.7,20,11.1,2
6.94,800 ms,6,12.8,8.18,12.5,2
4.29,816 ms,2,8.89,13.6,10.8,2
3.6,812 ms,3,9.67,2.73,9.45,2
2.69,792 ms,1,8.67,10.9,8.36,2
2.69,789 ms,7,6.78,3.64,7.09,2
3.6,783 ms,0,8.11,12.7,7.91,2
4.88,796 ms,0,10.4,21.8,10.4,2
0.5,795 ms,2,10.8,22.7,11.1,2
4.29,796 ms,4,9.56,12.7,9.45,2
4.29,827 ms,10,12.7,14.5,9.82,2
4.29,888 ms,3,11.3,10,12.8,2
4.88,874 ms,5,10.3,8.18,10.9,2
3.6,886 ms,2,12.3,20,11.5,2
2.69,872 ms,7,11.3,8.18,12.2,2
6.64,897 ms,8,11.4,9.09,9.64,2
6.3,906 ms,0,11.1,14.5,10.5,2
2.69,952 ms,1,12,6.36,11.9,2
4.29,928 ms,2,12,6.36,12.1,2
3.6,918 ms,2,11.1,11.8,11.8,2
6.3,923 ms,4,9.56,18.2,10.7,2
3.6,922 ms,3,10.4,11.8,9.64,2
3.6,941 ms,5,11.4,7.27,10.3,2
6.7,893 ms,6,11.8,15.5,11.9,2
8.4,963 ms,8,16.3,8.18,13.8,2
7.77,1.05,21,18.6,18.2,15.9,2
9.69,1.13,3,17,21.8,18.1,2
7.77,1.17,6,16,20,17.7,2
3.6,1.17,7,13.7,4.55,14.7,2
10.3,1.18,2,14.4,22.7,15.3,3
4.89,1.19,6,17.1,6.36,15.8,3
4.88,1.11,0,14,15.5,13.6,3
4.29,1.07,5,15.2,4.55,14.2,3
5.4,1.06,5,15.3,8.18,15.4,3
5.4,1.03,10,16,7.27,15,3
3.6,1.05,0,15.6,8.18,16.5,2
4.88,1.04,21,18.1,16.4,16.3,2
14.7,1.23,34,18.9,13.6,15.9,2
4.88,1.4,3,12.7,21.8,19,2
4.29,1.35,6,12.1,7.27,13.6,2
8.65,1.41,10,15.6,20,13.6,2
8.37,1.41,11,15.1,17.3,18.4,3
3.6,1.38,4,16.1,10.9,15.8,3
4.88,1.22,4,14.3,23.6,14.2,3
3.6,1,11,15,6.36,12.7,3
3.6,1.02,2,12.9,8.18,13.4,3
3.6,962 ms,6,14,3.64,13.2,3
3.6,949 ms,2,12.4,18.2,13.4,2
7.43,1,7,14.1,21.8,14.8,2
3.6,978 ms,1,13.7,17.3,13.6,2
8.4,1.01,11,14.2,10.9,13.5,2
5.4,1.07,3,16.9,26.4,16.7,2
7.77,1.11,20,17.9,15.5,16.9,2
7.43,1.17,9,16.8,20.9,16.6,2
4.29,1.16,0,15.1,23.6,17,2
12.1,1.15,9,15.8,18.2,14.3,2
15.6,1.21,34,20,17.3,15.8,3
13.3,1.29,10,21.2,22.7,21,3
4.29,1.3,2,16.3,27.3,22.1,3
6.3,1.22,12,19.7,20,18.1,3
8.28,1.18,7,19.1,12.7,17.3,3
13.5,1.2,15,24.8,24.5,20.3,3
5.4,1.16,3,20.7,21.8,22.3,3
22.4,1.11,28,22.4,30.9,21.3,3
11.5,1.14,21,26.2,30,22.3,3
9.13,1.15,6,24.1,29.1,25.2,4
3.6,1.16,7,21.9,10.9,22.3,4
7.71,1.16,0,19,24.5,22.2,4
12,1.13,11,20.8,14.5,22.8,4
7.19,1.05,5,22.4,31.8,21.7,4
7.51,966 ms,2,22.8,17.3,22.8,4
9.25,985 ms,8,23.6,8.18,19.8,4
7.86,973 ms,8,20.4,31.8,20.8,4
14.7,1,20,23.1,32.7,21.3,4
4.88,1.02,0,21.7,23.6,20.3,4
4.29,1.02,6,18.7,6.36,17.6,4
6.3,1.06,12,21.4,24.5,16.5,4
5.4,1.05,16,21.3,27.3,18.8,4
5.4,1.06,12,25.1,32.7,21,4
9.81,1.02,4,21.8,30,25.3,4
7.95,1.02,8,21.4,11.8,22.5,4
17.1,1.04,13,21.1,30.9,19.6,4
6.07,1.03,5,20.6,36.4,21,4
6.34,1.02,1,21.3,33.6,21.9,4
8.52,1.05,9,26.2,40.9,24.3,4
10.2,1.06,12,27.6,34.5,23.9,4
7.1,1.05,5,22.8,17.3,21.3,3
6.63,1.04,10,21.8,10.9,19.1,3
7.43,1.03,18,22,27.3,19.7,3
9.51,1.07,0,21.8,30.9,23.4,3
7.43,1.03,7,21.9,11.8,21.6,3
10,1.05,3,23.7,30,23.6,3
11,1.14,14,25.2,31.8,27.5,3
14.9,1.23,16,25.6,23.6,25.2,3
12.9,1.29,25,25.3,26.4,23.5,3
6.3,1.31,1,20.6,26.4,22.2,4
6.7,1.35,2,21.4,38.2,22.5,4
6.7,1.43,16,27.7,36.4,23.7,4
5.87,1.4,6,26.1,21.8,23.5,4
6.37,1.35,13,23.9,29.1,25.1,4
4.29,1.25,5,20.2,20.9,25.7,4
6.7,1.22,3,22.6,10,24.3,4
4.88,1.18,3,24.7,20,21.7,4
6.3,1.11,5,25.2,32.7,23.6,4
6.3,1.11,22,29.5,34.5,23.1,4
8.09,1.1,11,28.8,30.9,22.8,4
7.02,1.15,14,26.2,21.8,26.8,4
16.4,1.13,5,22.3,33.6,26.8,4
4.88,1.14,11,25.1,30,21.9,4
12.4,1.12,7,23.3,32.7,21.2,4
7.96,1.08,0,21,32.7,22.7,4
10,1.04,13,21.3,30.9,19,4
5.87,1.07,13,22.2,34.5,18,4
4.29,1.08,13,27.1,30,20.8,4
4.29,710 ms,3,6,3.64,5.73,1
3.6,730 ms,0,6.44,3.64,6.36,1
2.69,780 ms,1,5.56,4.55,6.64,1
4.29,767 ms,2,6.22,7.27,6.36,1
2.69,752 ms,1,7.11,11.8,7.55,1
2.69,703 ms,1,6.78,7.27,7,1
4.88,653 ms,2,6.11,7.27,5.82,1
4.88,658 ms,3,6.44,10,6.27,1
4.29,622 ms,3,6.67,4.55,5.73,1
2.69,697 ms,1,5.89,4.55,6.55,1
0.5,710 ms,0,5.44,7.27,6.55,1
4.88,710 ms,0,6.33,8.18,5.45,1
4.29,751 ms,3,6.67,9.09,6.18,1
3.6,772 ms,2,7.11,3.64,7,1
0.5,840 ms,0,5.56,3.64,6.36,1
2.69,723 ms,1,4,3.64,4.55,1
3.6,714 ms,3,6.67,11.8,5.27,1
4.88,752 ms,2,6.67,6.36,6.18,1
6.3,756 ms,8,8,11.8,6.73,1
2.69,715 ms,1,7.33,5.45,7.36,1
2.69,641 ms,1,4.56,3.64,5.45,1
3.6,668 ms,2,3.56,5.45,3.45,1
4.29,641 ms,2,5.22,6.36,4.18,1
2.69,618 ms,1,5.22,7.27,5.55,1
2.69,562 ms,2,4.78,3.64,4.91,1
2.69,525 ms,1,4.11,5.45,4.09,1
5.4,561 ms,3,4.44,4.55,4,1
2.69,563 ms,2,4.44,1.82,4.36,1
4.29,552 ms,3,5.11,7.27,4.64,1
2.69,588 ms,1,5.56,6.36,5.27,1
2.69,598 ms,3,5.33,4.55,5.18,1
0.5,606 ms,0,4.11,2.73,4,1
2.69,564 ms,1,5.33,4.55,4.36,1
2.69,570 ms,1,6.56,6.36,6.09,1
5.4,619 ms,4,7,10.9,6.64,1
3.6,605 ms,2,8.11,7.27,6.64,1
0.5,600 ms,1,5.11,0.909,6,1
2.69,606 ms,1,4.22,5.45,4.91,1
3.6,618 ms,4,5.56,5.45,5.36,1
4.29,636 ms,2,6.11,5.45,5.82,1
0.5,631 ms,1,5,3.64,5.36,1
3.6,586 ms,1,4.67,7.27,5.09,1
2.69,588 ms,1,5.33,4.55,5.27,1
2.69,652 ms,0,4,2.73,4.73,1
0.5,623 ms,1,3.56,2.73,3.36,1
0.5,591 ms,1,4.11,4.55,3.45,1
2.69,561 ms,1,4.67,4.55,5.09,1
2.69,580 ms,1,5,9.09,5.55,1
3.6,627 ms,3,5.56,2.73,4.82,1
2.69,567 ms,1,5.56,6.36,5.27,1
3.6,634 ms,2,5.78,8.18,6.09,1
2.69,651 ms,2,5.11,4.55,5.18,1
2.69,629 ms,2,4.78,4.55,4.55,1
2.69,637 ms,1,4.89,3.64,4.82,1
3.6,563 ms,1,4.67,6.36,4.73,1
4.29,573 ms,3,5.11,5.45,5.18,1
0.5,570 ms,1,5.78,5.45,5.82,1
4.29,591 ms,2,6.44,4.55,5.55,1
10.2,653 ms,13,8.78,7.27,6.45,1
4.88,712 ms,4,8,6.36,8.27,1
3.6,774 ms,1,7.67,6.36,8.36,1
0.5,775 ms,1,7.11,6.36,7.73,1
4.29,770 ms,2,6,6.36,6.64,1
4.29,770 ms,2,7.44,12.7,6.91,1
8.85,773 ms,10,8.78,5.45,8.18,1
7.77,820 ms,4,10.7,10,9,1
6.7,933 ms,6,10.4,7.27,9.55,1
12.3,1.05,19,11,8.18,10.7,1
10.5,1.27,22,10.9,10.9,10.6,1
13.1,1.64,26,11.8,9.09,9.09,1
14.9,2.01,43,13.1,11.8,9.64,1
14,2.44,37,11.7,12.7,10.8,2
8.7,2.68,6,11.7,15.5,13.5,2
2.69,2.66,4,12.2,5.45,13.9,2
4.29,2.44,3,10.2,9.09,10.6,2
4.88,2.09,4,12.1,6.36,10.4,2
4.88,1.72,0,12.9,14.5,11.9,2
10.7,1.24,8,12.8,11.8,12.6,2
3.6,911 ms,3,13.4,8.18,12.7,2
4.29,847 ms,6,13.7,16.4,12.5,2
4.95,899 ms,9,12.2,6.36,12.7,2
7.43,912 ms,0,13.3,25.5,13,2
4.88,939 ms,23,16,13.6,13.6,2
8.09,1.01,8,16.1,24.5,17,2
10.8,1.06,4,18,22.7,18.5,2
11.2,1.17,11,20.3,21.8,17.5,2
8.95,1.22,9,17.4,20,17.8,2
7.43,1.25,10,15.6,18.2,17.5,2
6.7,1.26,2,14.3,24.5,16,2
4.88,1.23,11,17.4,16.4,14.6,3
4.29,1.18,6,17,14.5,18.3,3
5.87,1.13,8,18.8,17.3,19.3,3
6.3,1.08,3,15.8,30,18.4,3
6.3,1.08,11,19.6,7.27,17.8,3
14.2,1.06,23,21.3,30,18.5,3
18.4,1.1,38,22.9,19.1,19.6,2
14.5,1.26,28,24.3,24.5,20.4,2
15.5,1.43,50,24.6,17.3,20.9,2
18.4,1.78,74,23.3,22.7,20,2
18.7,2.21,54,20.1,20.9,20.9,2
20.1,2.68,68,21.1,17.3,20.2,2
18.2,3.12,59,19.3,22.7,19.5,4
11.1,3.22,7,20.7,22.7,24.7,4
9.93,3.02,8,22.4,20.9,25.6,4
5.4,2.67,0,18.8,39.1,24.3,4
4.88,2.23,2,20.3,14.5,23.7,4
4.88,1.88,4,21.6,35.5,22,4
8.61,1.37,7,23,10,20.8,4
8.01,1.14,12,22.2,12.7,19.4,4
4.88,1.15,16,22,31.8,22.5,4
9.87,1.16,10,21.8,25.5,20.9,4
4.88,1.14,0,20.8,32.7,19.8,4
7.95,1.02,5,22.6,30.9,23,4
4.29,1.03,9,22.2,10,20.6,4
6.37,1,11,19.6,9.09,17.4,4
6.7,1.04,8,22,13.6,21.5,4
9.19,989 ms,9,24.4,10,27.1,4
12.6,1.02,10,24.8,21.8,27.6,4
11.8,1.01,5,23.4,33.6,26.7,4
5.98,984 ms,3,24.3,20,25.9,4
8.14,995 ms,7,21.9,19.1,22.7,4
8.67,977 ms,10,22.3,18.2,20.9,4
5.87,1,7,24,22.7,24.3,4
3.6,991 ms,10,21.9,19.1,22.3,4
4.88,964 ms,9,22,12.7,20.8,4
8.17,1.03,11,23.3,12.7,23.4,4
6.3,1.03,11,23.9,16.4,23.6,4
8.79,1.04,7,24.8,25.5,25.9,4
10.5,1.08,12,27.9,33.6,30.5,4
4.29,1.12,5,24.4,13.6,26.9,4
4.88,1.17,3,21.8,3.64,19.8,4
7.28,1.15,4,22.6,23.6,21.7,4
4.88,1.15,7,23.3,5.45,22.4,4
5.87,1.15,3,22.1,30,23.4,4
8.09,1.18,6,22.7,12.7,22.1,4
4.29,1.18,1,23.6,26.4,23.5,4
7.6,1.12,11,23.6,17.3,23.4,4
4.88,1.09,10,24,30.9,19.7,4
7.89,1.14,14,28.3,30,23.4,4
8.65,1.12,10,29.4,30,25.6,4
4.88,1.05,10,26.3,22.7,25.5,4
9.09,1.01,3,18.2,23.6,24,4
3.6,1.02,4,21,9.09,21.1,4
10,1.04,9,23.9,10,19.9,4
4.29,989 ms,11,24.4,15.5,22.6,4
7.66,971 ms,8,24.2,15.5,26,4
7.43,994 ms,2,23.6,18.2,26.5,4
6.82,1.01,12,23.4,18.2,22.7,4
4.88,1.04,11,23.6,21.8,20.5,4
9.28,1.05,13,24.1,32.7,22.5,4
7.43,1.09,12,25.9,13.6,25.6,4
7,1.1,12,24.1,23.6,26.4,4
8.89,1.05,7,25,15.5,27.2,4
7.14,1.07,7,24.2,17.3,25.5,4
11.2,1.09,12,23.8,19.1,22.2,4
8.65,1.14,10,27.9,36.4,28.6,4
9.16,1.1,2,27.8,33.6,29.3,4
9.94,1.08,10,24.2,12.7,21.6,4
7.1,1.14,9,24.4,14.5,21.9,4
11.7,1.13,7,25.2,18.2,25.4,4
3.6,1.12,2,24.1,20,27.7,4
4.88,1.09,0,22.7,20,26.2,4
10.6,1.12,8,24.4,23.6,22.6,4
6.86,1.17,3,24.8,9.09,24.3,4
6.86,1.19,20,30.9,33.6,29.3,4
11.4,1.2,14,31.7,37.3,30.7,4
5.87,1.19,3,25.4,27.3,29.5,4
5.87,1.22,12,26.4,39.1,27,4
3.6,1.19,9,27.4,20.9,21.5,4
4.29,1.17,15,23.7,33.6,21,4
8.57,1.14,12,27.4,30,22.9,4
8.98,1.13,15,28.8,26.4,24.9,4
20.1,1.12,14,27.2,27.3,27.8,4
5.94,1.08,16,26.4,34.5,26,4
8.03,1.1,17,28.7,22.7,23.2,4
7.07,1.12,11,25.3,21.8,24.3,4
10.8,1.11,9,23.6,24.5,25.5,4
9.42,1.12,10,26.2,17.3,27.6,4
11.3,1.15,6,26.1,35.5,30.5,4
8.97,1.12,3,26,23.6,28.5,4
10.3,1.11,5,25.7,33.6,27.4,4
6.3,1.08,3,24.6,20.9,26.3,4
12.5,1.07,7,24.7,14.5,23.1,4
8.91,1.04,7,26,17.3,24.3,4
11,994 ms,6,26,10.9,25.5,4
17.5,1.03,22,30.1,36.4,27.9,4
13.8,1.05,19,32.2,30,29.5,4
24.4,1.05,13,31.4,26.4,29.8,4
5.47,1.04,13,26.4,32.7,29,4
15.2,1.05,8,26.7,29.1,27.7,4
4.88,1.08,18,25.3,33.6,26.4,4
24.7,1.06,11,30.4,20.9,27,4
8.32,1.08,11,26.7,22.7,29.5,4
9.33,1.14,7,27.3,36.4,31.9,4
9.33,1.22,22,32,40,30.3,4
12.4,1.28,11,31.7,20.9,27.5,4
11.7,1.26,9,26,21.8,28.6,4
7.7,1.23,8,26.2,7.27,27.8,5
9.51,1.26,8,28.6,40,30.3,5
4.29,1.23,13,30.6,34.5,25.4,5
5.75,1.15,14,29.2,30,22.6,5
5.44,1.1,10,25,31.8,24.5,5
9.97,1.11,11,28.9,32.7,24.9,5
7.13,1.09,8,27.2,2.73,29,5
10.4,1.08,8,24.4,12.7,28.4,5
7.77,1.12,1,27.9,38.2,29.5,5
13.9,1.12,1,27.1,32.7,29.6,5
10.4,1.14,11,29.8,30,26.6,5
7.72,1.16,12,31,31.8,27.6,5
7.47,1.19,11,30.8,10,30.9,5
7.47,1.2,17,32.4,41.8,33.5,5
6.3,1.15,10,30.6,28.2,28.1,5
18.3,1.17,9,28.8,13.6,26.7,5
13.7,1.16,8,27.9,17.3,31.3,5
26.1,1.15,17,31.1,40.9,31.8,5
4.29,1.25,12,28.2,27.3,24.3,5
9.37,1.25,11,29.1,12.7,24.5,5
7.68,1.24,12,25.2,11.8,27.8,5
9,1.23,9,25.1,13.6,24.8,5
11.2,1.22,5,26.6,31.8,31.1,5
7.02,1.22,3,29.1,40.9,32.4,5
21.5,1.17,15,30.6,32.7,28,5
7.16,1.11,5,26.3,33.6,26.1,5
5.87,1.09,3,24.4,30.9,25.8,5
5.87,1.1,12,28.6,33.6,25.4,5
11.1,1.13,14,31.4,33.6,25.5,5
13.5,1.12,12,30.8,13.6,28.9,5
4.88,1.07,10,23.8,5.45,24.8,4
13.9,1.12,18,25.3,34.5,23.3,4
11.7,1.17,17,30.6,31.8,28.2,4
5.87,1.19,10,27.4,18.2,24.9,4
12.4,1.27,27,33,43.6,30.3,4
12.4,1.28,17,33.4,34.5,34.3,4
9.36,1.33,11,30.7,23.6,27.5,4
11.6,1.29,7,28.4,24.5,29.3,4
11.6,1.34,26,32.9,39.1,32.4,4
11.9,1.36,17,32.6,30,30.3,5
11.8,1.31,5,32.4,38.2,34,5
12,1.26,0,27,32.7,33.4,5
12,1.3,19,33,40,27.5,5
9.76,1.27,15,33.4,34.5,28.2,5
4.29,1.19,8,26.8,8.18,22.7,5
7.07,1.15,5,27.4,15.5,23.9,5
7.07,1.25,16,32.1,36.4,30.5,5
5.4,1.3,11,31.8,14.5,29.3,5
6.3,1.3,1,26.8,40.9,32.8,5
6.3,1.38,15,31.2,39.1,30.2,5
10.2,1.39,13,31.4,13.6,26.9,5
19,1.4,19,32.3,43.6,33.6,5
9.33,1.32,16,35.2,36.4,32.2,5
8.2,1.34,11,30.7,31.8,28.1,5
8.2,1.35,12,34.7,40.9,34.6,5
9.91,1.26,6,33.8,19.1,38.1,5
9.91,1.35,16,32.6,42.7,34.2,5
9.91,1.35,24,39.8,40.9,36.4,5
9.32,1.34,13,33,33.6,32.2,5
9.32,1.46,20,37,40.9,30.9,5
10.4,1.4,14,33.3,20,30.7,5
16.2,1.41,11,29.1,38.2,27.5,5
4.88,1.29,15,24.6,29.1,25,5
6.3,1.2,1,22.6,15.5,20.7,6
8.97,1.16,7,22.6,15.5,21.4,6
11.6,1.03,12,24.3,27.3,22.1,6
5.77,1.05,13,24.6,33.6,20.8,6
5.87,1.06,0,22.1,20.9,20.4,6
6.91,1.06,4,21,21.8,23.7,6
10.2,1.13,6,27.1,39.1,26,4
5.87,1.17,19,27.7,34.5,22.4,4
6.3,1.17,10,26.3,26.4,20.3,4
8.35,1.11,19,22.6,25.5,21.5,3
6.64,1.12,9,23.1,11.8,21.6,3
15.5,1.25,12,23.9,30.9,25.1,3
10.3,1.3,13,23.1,18.2,24,3
6.7,1.28,17,21.6,26.4,20.4,3
9.75,1.26,4,22.8,21.8,21.2,3
4.29,1.24,3,20.1,8.18,22.3,4
12.8,1.29,8,20.6,15.5,20,4
6.01,1.21,10,21.6,5.45,22.5,4
6.3,1.16,8,17.2,28.2,22.5,4
2.69,1.11,8,19.2,4.55,17.3,4
14.9,1.11,10,20.3,29.1,18.7,4
6.86,1.12,7,19.4,13.6,19.5,4
5.87,1.04,3,17.2,13.6,17.7,4
3.6,1.02,8,16.7,8.18,18.7,4
5.19,993 ms,1,15.3,20.9,17.3,4
4.88,985 ms,4,11.4,18.2,13.7,3
6.7,948 ms,8,12.9,8.18,11,3
4.29,911 ms,4,12.6,15.5,12,3
3.6,904 ms,3,11.6,13.6,12.4,3
3.6,878 ms,1,12.4,17.3,12.8,3
4.88,846 ms,3,12.7,20,13.9,3
4.29,819 ms,3,10.6,6.36,11.1,2
3.6,834 ms,2,10.9,7.27,9.91,2
0.5,819 ms,5,9.78,10,9.73,2
0.5,836 ms,0,9.56,16.4,10.2,2
4.88,784 ms,2,9,8.18,10.4,2
4.29,835 ms,2,10.6,9.09,8.82,2
3.6,859 ms,3,8.89,9.09,9.64,2
3.6,829 ms,1,7.11,9.09,8.09,2
5.4,821 ms,4,6.67,7.27,5.82,2
2.69,780 ms,1,6.89,10.9,6.36,2
7.77,801 ms,6,8.22,6.36,7.27,2
3.6,741 ms,2,7.78,12.7,7.73,2
4.29,691 ms,3,6.67,5.45,7,2
3.6,714 ms,2,7.22,8.18,8.36,2
0.5,726 ms,0,7.67,4.55,8.82,2
3.6,691 ms,2,6.44,4.55,6.64,2
3.6,655 ms,0,6,7.27,5.91,2
0.5,654 ms,1,6.44,5.45,6.36,2
2.69,679 ms,1,6.67,7.27,7,2
3.6,632 ms,2,7.44,7.27,6.64,2
2.69,628 ms,2,6,4.55,6.09,2
2.69,670 ms,1,6.67,5.45,6.45,2
3.6,699 ms,2,6.89,10,6.55,2
3.6,700 ms,2,7,10,6.91,2
3.6,663 ms,1,6.11,4.55,6.73,1
2.69,656 ms,1,5.33,7.27,5.73,1
3.6,623 ms,0,6,6.36,5.36,1
3.6,615 ms,2,6,4.55,5.45,1
3.6,570 ms,2,5.56,8.18,5.55,1
7.05,538 ms,6,6.78,7.27,5.82,1
6.1,585 ms,6,7,3.64,6.55,1
3.6,609 ms,3,5.44,3.64,6.36,1
3.6,635 ms,2,5,6.36,5.82,1
3.6,627 ms,1,5.11,8.18,5.36,1
0.5,658 ms,0,6.33,9.09,6.18,1
2.69,660 ms,2,5.67,1.82,5.73,1
3.6,629 ms,2,5.22,8.18,5.36,1
2.69,647 ms,2,6.33,7.27,6.36,1
2.69,685 ms,2,7.11,7.27,6.64,1
3.6,683 ms,2,6,3.64,6.09,1
2.69,694 ms,0,5.33,6.36,5.55,1
2.69,676 ms,1,4.89,3.64,5.36,1
3.6,677 ms,0,4.56,1.82,4.45,1
3.6,673 ms,2,5.22,7.27,5.09,1
4.29,626 ms,3,7.11,4.55,6.64,1
3.6,608 ms,2,6.44,3.64,6.64,1
3.6,634 ms,2,6.56,10,6.55,1
2.69,644 ms,2,5.89,4.55,6.09,1
3.6,692 ms,0,5.78,10,6.09,1
3.6,707 ms,3,6.44,7.27,6.09,1
0.5,678 ms,1,5.22,7.27,5.55,1
3.6,692 ms,2,5.67,4.55,5.73,1
2.69,652 ms,1,5.33,5.45,5.27,1
4.29,655 ms,4,6.11,9.09,5.91,1
0.5,598 ms,0,6.33,6.36,6.27,1
4.88,531 ms,4,6.22,4.55,5.36,1
3.6,572 ms,2,6.56,4.55,5.73,1
2.69,583 ms,1,5.33,7.27,6.64,1
4.29,565 ms,0,5.44,5.45,6.09,1
3.6,605 ms,3,6,6.36,5.55,1
2.69,634 ms,1,5.89,5.45,6.09,1
3.6,680 ms,2,5.56,4.55,5.18,1
0.5,690 ms,0,5.44,7.27,5.09,1
2.69,704 ms,0,4.44,3.64,4.73,1
2.69,687 ms,1,4,4.55,3.64,1
4.88,644 ms,4,5.22,12.7,5,1
3.6,611 ms,2,5.33,5.45,5.45,1
4.88,658 ms,4,6.11,8.18,5.73,1
4.88,666 ms,4,7.33,8.18,6.64,1
3.6,654 ms,2,6.33,5.45,7.27,1
2.69,671 ms,2,6,5.45,6.36,1
4.88,739 ms,3,6.89,5.45,6.27,1
3.6,765 ms,3,6.67,4.55,7,1
3.6,728 ms,2,6.56,8.18,7.09,1
2.69,692 ms,1,5.56,2.73,6.27,1
2.69,721 ms,1,5.11,4.55,5.09,1
4.88,707 ms,4,5.78,5.45,4.82,1
3.6,664 ms,0,6.22,6.36,5.55,1
7.77,665 ms,7,6.33,5.45,6.82,1
6.7,681 ms,6,8.11,10.9,7.27,1
4.29,727 ms,4,6.78,3.64,7.55,1
4.29,698 ms,2,5.89,10,6.82,1
3.6,751 ms,2,6.78,5.45,6.18,1
3.6,756 ms,2,6.44,5.45,6.27,1
7.43,781 ms,8,8.44,8.18,6.91,2
4.29,799 ms,1,9.89,17.3,9.45,2
3.6,779 ms,4,10.6,10.9,9.82,2
0.5,807 ms,0,8.78,4.55,8.73,2
2.69,828 ms,2,8.78,5.45,9.45,2
2.69,851 ms,2,10,13.6,10.4,2
3.6,851 ms,2,9.22,5.45,10.1,1
7.43,851 ms,11,10.1,7.27,8.64,1
9.8,1.09,12,11.3,11.8,9.36,1
12.7,1.37,27,11,7.27,10.2,1
11.5,1.63,23,10,8.18,9.91,1
16.8,2.03,40,12.7,9.09,9.82,1
18.6,2.52,68,14.2,10.9,10.4,1
19.8,3.21,74,14.1,10,11,1
20.6,3.87,82,12.2,11.8,10.8,1
22.3,4.49,101,13.9,14.5,11.5,2
18.7,4.8,66,13.8,13.6,16.1,2
19.1,4.78,37,14.4,14.5,22.1,2
13.4,4.6,29,17.8,11.8,22,2
8.7,4.08,6,14.2,20,19.2,2
5.87,3.31,7,16.1,10.9,17.4,2
9.69,2.4,10,15.3,10,14.5,2
4.88,1.86,36,18.2,18.2,13.8,2
11.5,1.66,34,21,18.2,17.1,2
13.2,1.48,12,19.8,21.8,20,2
8.99,1.4,9,17.4,20,19.4,2
13.5,1.41,11,18.4,22.7,18.4,2
6.7,1.46,20,21.6,11.8,18.6,3
8.09,1.51,8,17.7,25.5,19.9,3
8.11,1.35,7,20.1,21.8,20.7,3
5.91,1.27,13,22.8,10,19.6,3
8.53,1.2,3,19.7,17.3,20.9,3
10.2,1.12,10,19.2,15.5,21.3,3
11,1.09,2,19.3,22.7,19.3,3
6.3,1.04,11,20.7,6.36,18.4,3
10.9,1.06,12,19.7,33.6,20.3,3
7.07,1.04,0,21.7,28.2,21.6,3
8.42,1.03,2,21.1,10.9,20.5,3
15.2,1.16,40,24.4,24.5,19.6,3
11.5,1.3,17,26.3,26.4,23,3
9.26,1.4,5,22.4,30,24.9,3
10,1.44,3,23.4,28.2,24.4,3
4.29,1.43,5,20,5.45,21.4,4
9.04,1.45,9,16.6,25.5,18.1,4
9.54,1.34,0,19.1,33.6,21.1,4
12.5,1.19,8,25.4,12.7,22.9,4
4.88,1.1,12,24.4,28.2,22.5,4
6.37,1.05,2,22.8,32.7,23.4,4
10.1,1.06,10,24.6,30.9,21.7,4
4.88,1.08,8,25.4,30,19.5,4
10.6,1.07,16,27.7,29.1,22.9,4
5.87,1.11,14,25.4,21.8,24.7,4
23.4,1.21,21,27.9,32.7,27.3,4
9.4,1.24,18,30.4,33.6,29.5,4
7.07,1.28,16,27.6,25.5,24.8,4
8.52,1.26,8,27.1,10.9,25.5,4
9.26,1.32,5,25.6,28.2,29.6,4
9.26,1.37,16,29.7,33.6,29.5,5
7.51,1.27,17,30.9,27.3,27.6,5
13.7,1.23,12,26.8,20,27.3,5
14,1.18,15,24.3,37.3,28.5,5
10.8,1.15,15,30.7,44.5,28.5,5
7.77,1.1,12,29.2,32.7,29,5
5.87,1.02,13,27.1,11.8,25.5,5
5.4,1.02,11,22.6,28.2,22.9,5
4.88,1.07,12,24.6,31.8,23.5,5
17.5,1.15,7,31.6,34.5,30.2,5
7.49,1.14,7,28.7,10.9,31.7,5
2.69,1.11,9,23.1,4.55,23.3,5
9.24,1.12,4,24.6,27.3,25.7,4
9.24,1.14,16,32.3,35.5,27.5,4
10.1,1.13,11,31.2,31.8,26.1,4
4.29,1.08,11,26,28.2,26.2,4
9.96,1.11,10,25.7,30.9,25.7,4
12.1,1.13,8,24.6,11.8,28.3,4
8.85,1.13,12,25.3,23.6,26.7,4
11,1.11,10,25.8,10,26.4,4
11,1.18,21,29,39.1,29.5,4
8.09,1.17,3,25.1,12.7,25.5,4
8.09,1.27,18,30.3,40,25,4
8.77,1.29,7,31.7,24.5,31.5,4
3.6,1.29,6,22.9,12.7,28.7,4
3.6,1.41,24,27.8,36.4,28.5,4
9.07,1.33,1,26.3,22.7,28.8,4
8.62,1.31,2,24.6,36.4,24.5,4
8.62,1.2,19,31.7,40.9,24.5,4
18.3,1.18,13,32.1,36.4,26.5,4
20.3,1.17,8,30.1,33.6,28.8,4
3.6,1.04,12,27.6,28.2,26,4
8.65,1.01,10,27.3,28.2,26.1,4
11.7,1.08,9,26.9,37.3,30.7,4
10.1,1.13,4,28.4,27.3,29.5,4
5.4,1.13,7,25.1,16.4,24.5,4
11.3,1.22,19,26.8,43.6,25.1,4
8.7,1.24,12,29.9,35.5,26.2,4
7.85,1.28,13,29,23.6,23.9,4
8.99,1.3,7,26.3,14.5,26.7,4
9.43,1.28,3,23.1,15.5,28.4,4
8.66,1.31,8,25.2,13.6,27,4
8.09,1.26,6,24.8,10,25.5,4
14,1.27,10,25.6,19.1,26.4,4
20.6,1.26,10,27.1,19.1,27.5,4
8.83,1.21,6,24.3,9.09,24.6,4
19.6,1.17,10,25,24.5,24.7,4
7.43,1.16,18,26.4,25.5,25.5,4
8.06,1.15,11,24.4,23.6,24.9,4
9.94,1.18,0,27.1,36.4,30.9,4
5.87,1.17,5,25.3,4.55,28.6,4
4.29,1.16,0,21.6,24.5,23.9,4
4.29,1.24,14,27.6,41.8,25.7,4
9.67,1.23,15,31.8,26.4,26.5,4
14.2,1.21,14,29.2,30,28.4,5
10,1.15,10,28.1,20,29.9,5
7.03,1.16,8,24.7,16.4,27.5,5
7.8,1.13,11,24.3,10,25,5
5.77,1.06,14,24.4,30.9,23.2,5
7.4,1.05,10,27.8,14.5,24,5
5.87,1.07,8,22.8,7.27,27.2,5
6.52,1.11,2,23.1,16.4,28.5,5
3.6,1.13,9,23.9,10,25.5,5
5.42,1.13,13,23.6,16.4,22.6,4
8.23,1.18,14,23.7,32.7,24.5,4
13.2,1.22,11,29,13.6,28.2,4
10.3,1.23,4,24.4,26.4,30.7,4
7.07,1.21,11,22.8,10,24.4,4
5.4,1.2,3,22.3,27.3,24.8,4
8.65,1.26,2,24.3,34.5,30.5,4
7.07,1.21,10,26.4,31.8,27.9,4
8.32,1.16,2,24.2,30,25.5,4
8.32,1.22,22,30.7,40.9,26.8,4
9.26,1.27,12,30.9,19.1,26.3,4
11.9,1.3,10,27.6,16.4,26.5,4
7.93,1.26,11,23.7,13.6,26,4
4.29,1.26,0,23.3,15.5,26.3,4
4.29,1.34,14,27.8,38.2,25.1,4
10.3,1.29,12,30.7,31.8,24.1,4
8.11,1.21,6,25.6,17.3,28.6,4
10.3,1.15,7,24.9,14.5,28,4
24.4,1.17,16,29.9,33.6,28.8,4
9.39,1.15,10,29.2,36.4,29.8,4
10,1.11,6,26.8,35.5,25.7,4
7.92,1.06,7,26.9,34.5,25.3,4
6.47,1.09,21,31,40,25.2,4
9.67,1.11,16,31.6,31.8,26.1,4
6.3,1.06,15,24.7,22.7,24.3,4
8.4,1.1,10,27.2,13.6,24.3,4
12,1.05,11,26,20.9,26.2,4
10.4,1.07,13,24.3,30.9,24.7,4
9.87,1.01,10,25.1,19.1,24.4,4
6.38,1.02,10,25.2,30,24.5,4
12.6,1.07,12,27.8,17.3,29.6,4
14.1,1.09,26,30.1,32.7,32.4,4
14.1,1.16,14,33,32.7,31.1,4
4.29,1.15,8,29.6,7.27,30.4,4
8.09,1.18,4,21.7,33.6,30.5,4
8.09,1.33,17,27.4,33.6,26.4,4
11.5,1.35,13,30.3,26.4,24.4,4
7.83,1.32,9,27.2,19.1,28,5
5.4,1.26,10,24.8,18.2,25.4,5
9.57,1.26,3,26.4,36.4,27.1,5
16.8,1.23,9,27,25.5,27.8,5
6.07,1.03,7,25.4,9.09,24.7,5
5.4,1.04,0,26.2,43.6,30.2,5
5.4,1.09,17,30.7,37.3,29.2,5
9.76,1.12,17,31.1,35.5,26.8,5
4.29,1.15,8,25.7,29.1,27.2,5
3.6,1.18,15,25.7,31.8,23.6,5
7.43,1.26,9,27.6,20.9,25.3,5
8.13,1.18,0,20.4,26.4,26.9,5
5.4,1.13,2,22.4,36.4,25,5
5.4,1.1,4,23.4,29.1,22.7,5
20.8,1.08,14,26.6,35.5,22.9,5
10.1,1.07,19,30.3,32.7,26.3,4
25.6,1.07,18,31.7,24.5,28.7,4
10,1.1,8,26.3,20.9,30,4
10,1.23,24,30.6,40,29.5,4
9.8,1.29,11,31.2,22.7,26.1,4
8.86,1.34,11,26.6,16.4,28.5,4
12,1.41,8,26.4,38.2,34.5,5
8.37,1.37,2,28.4,36.4,33,5
4.88,1.35,5,24.7,27.3,27.4,5
7.24,1.25,1,23.9,31.8,24.5,5
8.5,1.22,5,27.9,43.6,24.8,5
4.88,1.13,3,25.7,6.36,23.8,5
5.87,1.12,4,24.4,35.5,25.6,5
5.87,1.14,15,30.2,37.3,26,5
7.53,1.12,10,29.1,15.5,25.5,5
7.01,1.06,4,21.4,9.09,24.9,5
6.35,1.09,8,22.3,5.45,22.4,5
4.88,1.16,6,23.2,6.36,23.9,5
13.2,1.15,5,25.3,30.9,27.6,4
10.5,1.14,7,26.2,13.6,28.1,4
12.8,1.13,4,26.3,17.3,25.4,4
6.4,1.15,7,24.6,14.5,23.2,4
7.43,1.18,11,22.9,9.09,22.8,4
7.5,1.17,11,23.3,21.8,23.5,4
8.63,1.12,8,24.6,20.9,26,4
7.07,1.11,18,23.8,23.6,24.8,4
10.4,1.16,3,23,21.8,25.4,4
10.4,1.17,12,23.3,33.6,27.7,4
7.47,1.09,0,23.6,33.6,24,4
8.73,1.06,10,23,11.8,21.4,4
5.4,1.06,7,22.9,26.4,20.3,4
4.29,1.04,0,20.6,29.1,22.3,4
4.29,1.03,1,18.7,27.3,23.8,4
4.29,993 ms,12,20,8.18,18.7,4
6.3,987 ms,10,19.7,24.5,15.8,4
5.87,1.03,12,20.8,22.7,18.2,4
7.07,998 ms,0,19.1,18.2,20.3,3
11.1,1.04,7,20.7,19.1,20.3,3
7.43,1.06,8,22.6,10.9,20.4,3
9.31,1.13,14,22.7,16.4,23.9,3
9.8,1.17,19,21.4,27.3,24.2,3
6.3,1.15,6,21.1,28.2,21.1,3
4.29,1.19,2,18.4,4.55,18.2,4
3.6,1.13,4,17.6,6.36,15.5,4
5.4,1.08,2,14.8,24.5,16,4
7.89,1.01,7,15.3,10,16.2,4
4.88,941 ms,10,16,14.5,14.7,4
4.29,911 ms,2,15,17.3,17.7,4
5.4,874 ms,0,12.8,17.3,17.1,2
6.09,884 ms,0,11.2,15.5,12.2,2
4.88,928 ms,4,11.7,9.09,11.3,2
7.88,941 ms,8,11,7.27,12,2
8.09,1.02,1,12.8,19.1,12.5,2
5.4,1.06,5,15.1,8.18,13.5,2
4.88,1.08,2,9.55,11.8,12.5,3
6.39,1.04,6,8.56,6.36,8.64,3
4.29,971 ms,3,10.1,10,9.18,3
4.88,953 ms,5,10.3,5.45,11.3,2
4.29,885 ms,2,9.56,5.45,10.5,2
4.29,774 ms,3,7,5.45,8.18,2
3.88,732 ms,6,8.33,9.09,6.82,2
3.6,768 ms,3,8.44,3.64,7.55,2
2.69,736 ms,1,7.11,10.9,8.18,2
4.29,749 ms,1,8.44,12.7,8.18,2
2.69,766 ms,1,8.44,7.27,8.27,2
0.5,812 ms,0,8.56,16.4,9.09,2
5.4,797 ms,3,9,6.36,8.18,2
4.29,755 ms,4,8.33,8.18,7,2
3.6,801 ms,7,10.4,10,9.73,2
4.29,786 ms,1,9.67,13.6,10.7,2
2.69,746 ms,1,7.78,5.45,7.73,2
4.29,740 ms,2,6.78,4.55,7,2
2.69,757 ms,1,5.67,5.45,6.55,2
3.6,736 ms,4,5,5.45,4.91,2
3.6,698 ms,2,5.78,4.55,5.55,2
3.6,650 ms,3,5.11,6.36,6.27,2
3.6,616 ms,0,4.89,5.45,5.36,2
4.29,570 ms,2,4.33,7.27,4.27,2
2.69,545 ms,0,5.22,4.55,4.64,1
0.5,534 ms,1,4.89,8.18,5.27,1
4.88,574 ms,3,6.11,6.36,5.55,1
2.69,606 ms,1,6,4.55,5.82,1
0.5,643 ms,1,5.89,6.36,6,1
2.69,672 ms,4,6.11,5.45,5.91,1
3.6,703 ms,1,6.11,7.27,5.73,1
4.29,735 ms,2,5.44,5.45,6,1
2.69,667 ms,2,5.33,5.45,5.36,1
2.69,650 ms,2,6.44,10.9,6.45,1
0.5,626 ms,1,6.33,6.36,6.73,1
2.69,573 ms,0,5.44,4.55,5.09,1
3.6,553 ms,3,5.44,7.27,5.18,1
2.69,570 ms,1,5.44,3.64,5.82,1
4.29,556 ms,3,3.78,3.64,4.45,1
0.5,527 ms,0,3.78,3.64,3.45,1
3.6,563 ms,4,6,8.18,4.55,1
3.6,614 ms,0,5.78,4.55,5.64,1
2.69,587 ms,1,4.67,3.64,5.45,1
0.5,553 ms,2,4.33,3.64,4.55,1
4.88,589 ms,3,4.78,8.18,4.18,1
0.5,603 ms,0,5.44,4.55,5.09,1
2.69,572 ms,2,4,1.82,5,1
0.5,551 ms,1,3.78,2.73,4.09,1
3.6,547 ms,1,4.89,7.27,4.64,1
4.88,590 ms,6,6.44,3.64,4.55,1
2.69,649 ms,1,5.56,4.55,5.36,1
0.5,617 ms,1,3.67,4.55,4.64,1
0.5,625 ms,1,3.78,2.73,3.73,1
4.29,640 ms,0,4.56,9.09,4.64,1
4.88,692 ms,0,6.67,6.36,5.55,1
2.69,715 ms,1,6.56,3.64,6.36,1
2.69,638 ms,1,4.67,4.55,5.55,1
2.69,741 ms,1,5.44,5.45,5.09,1
3.6,738 ms,2,4.89,4.55,4.82,1
3.6,723 ms,2,3.67,5.45,4.09,1
3.6,700 ms,2,4.67,2.73,4.09,1
3.6,611 ms,2,4.33,5.45,4.36,1
0.5,630 ms,0,5.33,7.27,5.27,1
0.5,549 ms,0,5.22,4.55,5.36,1
2.69,561 ms,2,4.78,2.73,4.45,1
3.6,549 ms,2,4.89,3.64,4.45,1
4.29,591 ms,2,5.67,5.45,5.36,1
0.5,630 ms,4,6.56,5.45,6.27,1
2.69,706 ms,1,6,5.45,6.82,1
4.29,758 ms,11,7.11,2.73,6.36,1
4.88,802 ms,3,7.78,7.27,7.09,1
2.69,841 ms,1,5.33,3.64,6.91,1
2.69,811 ms,2,4.78,4.55,5,1
0.5,835 ms,0,5.67,6.36,5.45,1
4.29,751 ms,1,5.78,7.27,5.73,1
4.29,685 ms,2,5.11,5.45,5,1
3.6,614 ms,1,4.89,3.64,4.82,1
2.69,595 ms,1,5.56,7.27,5.09,1
4.29,602 ms,3,6.56,8.18,6,1
4.29,605 ms,4,6.56,6.36,6.18,1
3.6,689 ms,2,6.67,3.64,6.27,1
2.69,722 ms,1,5.78,10,7,1
0.5,718 ms,0,6.33,6.36,5.91,1
8.09,789 ms,4,7.56,7.27,5.91,1
4.29,859 ms,2,8.44,6.36,8.09,1
0.5,871 ms,0,6.89,7.27,8.18,1
5.4,875 ms,5,7.89,8.18,7.64,1
3.6,957 ms,1,8.11,5.45,7.73,2
4.29,988 ms,5,8.56,5.45,7.55,2
2.69,910 ms,1,7.67,7.27,7.27,2
0.5,842 ms,1,6,6.36,6.91,2
3.6,795 ms,0,5.33,5.45,5.36,2
5.87,769 ms,5,7.22,7.27,5.36,2
11.9,715 ms,9,10.7,5.45,9.45,1
9.53,796 ms,17,10.4,10,10.4,1
10.8,1.04,20,11,9.09,9.27,1
11.4,1.32,18,11.4,9.09,10,1
11,1.65,23,9.11,10.9,9.91,1
14,1.99,38,10.9,10.9,9.45,1
12.3,2.45,29,10.2,9.09,9.73,2
11.5,2.76,16,11.2,16.4,11.3,2
7.77,2.75,7,13.3,11.8,13.3,2
9.33,2.53,11,14.6,5.45,15.6,2
4.29,2.27,6,13.3,6.36,15.1,2
4.29,1.92,5,14.4,8.18,14.3,2
8.24,1.52,7,13.4,16.4,14.1,3
3.6,1.15,1,11.9,13.6,12.5,3
9.33,989 ms,6,12.6,12.7,12.2,3
7.22,949 ms,6,13.6,15.5,13.5,3
4.88,926 ms,1,14.4,13.6,15.2,3
7.07,913 ms,11,17.8,10.9,14.2,3
6.98,931 ms,5,19.1,20,17.2,2
7.07,1.02,6,17.4,26.4,20.5,2
4.29,1.05,3,18.3,19.1,19.2,2
12.7,1.12,16,18,23.6,17.6,2
9.26,1.26,7,20.7,13.6,17.6,2
10.5,1.36,8,16.4,19.1,18.9,2
5.4,1.37,10,17,8.18,17.7,3
8.09,1.3,0,15.9,20,17.5,3
12.7,1.25,11,17,11.8,17.1,3
4.29,1.21,2,13.8,18.2,16.2,3
7.13,1.09,10,19.7,8.18,17.1,3
7.71,1.05,12,22.6,21.8,19.6,3
8.4,1.04,13,18.8,28.2,22.3,2
11.5,1.06,2,18.4,27.3,21.1,2
15.2,1.22,36,21.8,20,17,2
15.4,1.45,29,23.2,20,17.2,2
14.9,1.73,44,20.1,17.3,20.5,2
15.7,1.96,47,18.2,16.4,19.7,2
14.4,2.16,21,19.9,17.3,19.6,4
17.1,2.32,18,23.7,29.1,22.8,4
7.95,2.2,1,20.4,23.6,24.7,4
12.1,1.96,8,20.1,29.1,22.7,4
5.91,1.71,6,20.3,30.9,21,4
7.13,1.47,2,21.7,36.4,22.9,4
7.84,1.25,4,23.6,30.9,24.6,2
15.2,1.13,33,23,13.6,20.3,2
21.6,1.43,66,25.1,20.9,17.6,2
21.7,1.93,94,22.9,19.1,18.6,2
23.1,2.55,81,16.8,16.4,18.3,2
27.2,3.36,142,23.1,18.2,18,2
28.2,4.18,147,25.2,17.3,18.2,4
28.1,4.96,119,23.8,57.3,23.8,4
22.3,5.18,83,26.6,35.5,35.1,4
19,5.21,70,28.3,32.7,34.5,4
13.6,4.98,20,22.4,22.7,27.8,4
8.99,4.56,15,21.8,36.4,24.2,4
8.99,3.81,18,27.2,30,23.2,4
5.87,2.97,11,26.8,31.8,24.9,4
5.4,2.48,12,26.8,34.5,23.7,4
9.19,1.99,10,29.7,14.5,28.3,4
4.29,1.62,11,24.4,28.2,27.5,4
6.64,1.24,2,20.3,28.2,24.6,4
13.3,1.2,6,22.1,30.9,25.5,4
8.46,1.23,2,26.7,38.2,25.9,4
5.5,1.19,0,24.1,22.7,25.8,4
11.9,1.23,13,27.1,38.2,25.3,4
5.87,1.17,6,25.8,7.27,21.8,4
4.97,1.13,10,23.6,15.5,21.5,4
6.7,1.14,13,23,35.5,25.1,4
4.29,1.1,16,25.9,28.2,22,4
11.8,1.13,12,27,24.5,24.2,4
4.88,1.08,12,22.9,11.8,26.8,4
16.4,1.13,8,25.4,21.8,27.6,4
7.53,1.12,16,26.2,16.4,24.3,4
4.92,1.14,15,21.2,30,19.7,4
5.4,1.16,10,23,18.2,23.4,4
5.4,1.09,2,20,33.6,24.8,4
8.31,1.07,2,24,38.2,24.3,4
6.3,1.06,8,23.8,10.9,22.3,4
10.5,1.08,12,23.8,20,21.2,4
7.01,1.04,14,25.4,27.3,24.1,4
6.7,1.04,11,23.9,22.7,27.9,4
11.8,1.12,9,24.8,18.2,30.1,4
14,1.1,9,22.8,26.4,26.5,4
5.01,1.09,7,24.6,10,22.1,4
