Time,g,art,w,u,ureal,ureal10,replicas,replicas_model
2022-06-20 12:45:00,2.05,511 ms,3,1.33,1.39,1.39,1,1
2022-06-20 12:45:05,2.05,392 ms,4,0.889,1.39,1.39,1,1
2022-06-20 12:45:10,2.05,245 ms,3,0.889,0.891,1.29,1,2
2022-06-20 12:45:15,2.29,390 ms,5,1.22,0.891,1.04,1,3
2022-06-20 12:45:20,2.29,487 ms,4,2.11,1.68,1.05,1,1
2022-06-20 12:45:25,2.29,587 ms,4,2.33,1.68,1.45,1,1
2022-06-20 12:45:30,1.76,602 ms,2,1.67,2.08,1.76,1,1
2022-06-20 12:45:35,2.05,485 ms,4,1.22,2.08,1.96,1,3
2022-06-20 12:45:40,1.76,390 ms,3,1.11,1.19,1.99,1,1
2022-06-20 12:45:45,1.76,289 ms,2,1,1.19,1.54,1,1
2022-06-20 12:45:50,2.5,291 ms,5,1.11,0.891,1.16,1,3
2022-06-20 12:45:55,1.76,397 ms,4,1.78,0.891,1.01,2,2
2022-06-20 12:46:00,1.76,336 ms,2,1.44,0.891,0.891,2,2
2022-06-20 12:46:05,1.76,253 ms,2,0.889,1.88,1.39,2,1
2022-06-20 12:46:10,2.05,272 ms,3,0.556,1.88,1.88,2,1
2022-06-20 12:46:15,1.76,415 ms,2,1.44,0.693,1.29,2,2
2022-06-20 12:46:20,2.69,460 ms,6,1.67,0.693,0.693,2,1
2022-06-20 12:46:25,3.03,1  ,8,1.78,1.29,0.99,1,2
2022-06-20 12:46:30,1.76,929 ms,2,2,2.08,1.37,1,1
2022-06-20 12:46:35,1.76,612 ms,2,1.67,2.08,1.76,1,1
2022-06-20 12:46:40,2.05,463 ms,3,2.11,1.98,2.07,1,1
2022-06-20 12:46:45,2.05,462 ms,3,1.44,1.98,2.02,1,1
2022-06-20 12:46:50,1.76,386 ms,2,0.667,1.98,1.98,1,2
2022-06-20 12:46:55,1.76,387 ms,2,1.22,0.99,1.49,1,2
2022-06-20 12:47:00,1.76,381 ms,2,1.78,0.99,0.99,1,2
2022-06-20 12:47:05,2.05,349 ms,3,1.56,1.29,1.14,1,1
2022-06-20 12:47:10,2.05,374 ms,3,1.67,1.68,1.33,1,1
2022-06-20 12:47:15,1.76,334 ms,2,1.67,1.68,1.52,1,1
2022-06-20 12:47:20,2.87,395 ms,7,1.78,1.68,1.68,1,2
2022-06-20 12:47:25,1.76,721 ms,2,1.33,1.68,1.68,1,1
2022-06-20 12:47:30,1.76,423 ms,3,1,1.68,1.68,1,1
2022-06-20 12:47:35,1.76,397 ms,2,1.22,1.29,1.52,1,1
2022-06-20 12:47:40,2.5,377 ms,5,1.22,1.29,1.33,1,1
2022-06-20 12:47:45,1.76,747 ms,2,1.22,0.693,1.05,1,1
2022-06-20 12:47:50,1.76,488 ms,2,1.22,0.693,0.752,1,1
2022-06-20 12:47:55,2.05,290 ms,3,1.44,1.49,1.01,1,1
2022-06-20 12:48:00,2.29,359 ms,4,1.22,1.49,1.41,1,1
2022-06-20 12:48:05,1.76,363 ms,2,1.33,1.29,1.39,1,1
2022-06-20 12:48:10,2.05,503 ms,3,1.33,1.29,1.29,1,1
2022-06-20 12:48:15,1.76,513 ms,2,1.22,1.29,1.29,1,1
2022-06-20 12:48:20,2.05,668 ms,3,1.33,1.29,1.29,1,1
2022-06-20 12:48:25,1.76,640 ms,2,1.67,1.49,1.39,1,1
2022-06-20 12:48:30,1.76,432 ms,2,1.33,1.49,1.49,1,1
2022-06-20 12:48:35,1.76,359 ms,3,1.56,1.49,1.49,1,1
2022-06-20 12:48:40,1.76,610 ms,2,1.56,1.49,1.49,1,1
2022-06-20 12:48:45,2.69,729 ms,6,1.44,1.39,1.44,1,1
2022-06-20 12:48:50,2.05,1.13  ,3,1.44,1.39,1.39,1,1
2022-06-20 12:48:55,2.05,871 ms,3,0.889,1.29,1.36,1,1
2022-06-20 12:49:00,1.76,274 ms,2,1.11,1.29,1.31,1,1
2022-06-20 12:49:05,2.29,341 ms,5,1.11,1.09,1.21,1,1
2022-06-20 12:49:10,2.69,578 ms,6,1.89,1.09,1.11,1,1
2022-06-20 12:49:15,1.76,802 ms,2,1.44,1.68,1.33,1,2
2022-06-20 12:49:20,1.76,604 ms,2,1.44,1.68,1.62,1,2
2022-06-20 12:49:25,1.76,578 ms,2,1.11,1.39,1.56,1,2
2022-06-20 12:49:30,2.5,382 ms,5,0.889,1.39,1.42,1,2
2022-06-20 12:49:35,1.76,516 ms,2,1.11,0.99,1.27,1,1
2022-06-20 12:49:40,2.05,342 ms,3,1,0.99,1.07,1,1
2022-06-20 12:49:45,2.29,367 ms,5,0.778,0.792,0.931,1,1
2022-06-20 12:49:50,1.76,915 ms,2,1.33,0.792,0.832,1,1
2022-06-20 12:49:55,3.03,1.00  ,8,2.33,1.29,0.941,1,2
2022-06-20 12:50:00,2.5,1.40  ,5,2,1.29,1.19,1,1
2022-06-20 12:50:05,2.5,1.00  ,5,1.44,1.98,1.56,1,3
2022-06-20 12:50:10,2.29,823 ms,4,2.22,1.98,1.91,1,3
2022-06-20 12:50:15,2.05,1.16  ,3,2.22,1.98,1.98,1,1
2022-06-20 12:50:20,2.5,1.16  ,4,2,1.98,1.98,1,1
2022-06-20 12:50:25,2.05,438 ms,3,2,2.18,2.04,2,1
2022-06-20 12:50:30,2.05,275 ms,3,2.67,2.18,2.14,2,1
2022-06-20 12:50:35,2.05,285 ms,3,2.56,2.38,2.22,2,1
2022-06-20 12:50:40,2.69,378 ms,6,2.44,2.38,2.32,2,2
2022-06-20 12:50:45,2.29,415 ms,2,2.44,2.57,2.42,2,1
2022-06-20 12:50:50,2.29,597 ms,4,2.11,2.57,2.51,2,1
2022-06-20 12:50:55,2.69,1  ,6,2.33,2.08,2.43,1,2
2022-06-20 12:51:00,2.5,1.61  ,6,2.22,2.08,2.18,1,2
2022-06-20 12:51:05,4.08,2.50  ,17,2.67,1.78,1.99,1,1
2022-06-20 12:51:10,4.4,3.52  ,21,2.78,1.78,1.84,1,1
2022-06-20 12:51:15,4.19,3.76  ,17,2.44,1.49,1.69,1,4
2022-06-20 12:51:20,5.06,4.06  ,26,3,1.49,1.54,1,4
2022-06-20 12:51:25,4.08,1.99  ,16,2.78,3.47,1.88,2,4
2022-06-20 12:51:30,3.85,1.86  ,12,2.67,3.47,2.87,2,4
2022-06-20 12:51:35,2.69,1.66  ,5,3.33,3.66,3.52,2,3
2022-06-20 12:51:40,2.05,799 ms,4,2.89,3.66,3.62,2,3
2022-06-20 12:51:45,1.76,398 ms,2,2.33,3.37,3.57,2,2
2022-06-20 12:51:50,2.69,319 ms,7,3,3.37,3.43,2,2
2022-06-20 12:51:55,3.72,321 ms,12,3.56,2.38,3.27,3,2
2022-06-20 12:52:00,3.33,1.49  ,10,3.89,2.38,2.77,3,1
2022-06-20 12:52:05,2.05,1.24  ,3,3.44,4.16,2.73,3,3
2022-06-20 12:52:10,2.05,604 ms,3,2.89,4.16,3.62,3,3
2022-06-20 12:52:15,2.05,270 ms,4,3.44,3.76,4.08,3,4
2022-06-20 12:52:20,2.29,295 ms,4,3.78,3.76,3.88,3,2
2022-06-20 12:52:25,2.5,320 ms,3,4.11,3.56,3.72,3,2
2022-06-20 12:52:30,2.05,321 ms,3,3.56,3.56,3.62,3,3
2022-06-20 12:52:35,1.76,337 ms,2,3.78,3.86,3.59,3,2
2022-06-20 12:52:40,2.05,351 ms,3,4.11,3.86,3.74,3,4
2022-06-20 12:52:45,2.5,326 ms,5,4.44,4.16,3.92,3,2
2022-06-20 12:52:50,2.5,334 ms,5,4.11,4.16,4.07,3,2
2022-06-20 12:52:55,2.05,410 ms,3,3.56,4.26,4.17,3,4
2022-06-20 12:53:00,2.05,343 ms,3,3.78,4.26,4.22,3,4
2022-06-20 12:53:05,2.5,297 ms,5,4.56,3.76,4.21,3,2
2022-06-20 12:53:10,2.69,562 ms,5,5.67,3.76,3.96,3,2
2022-06-20 12:53:15,2.05,575 ms,3,4.22,4.95,4,3,3
2022-06-20 12:53:20,2.29,323 ms,3,4.33,4.95,4.59,3,3
2022-06-20 12:53:25,2.5,356 ms,4,5.11,4.75,4.93,3,4
2022-06-20 12:53:30,1.76,377 ms,2,3.89,4.75,4.83,3,4
2022-06-20 12:53:35,2.05,336 ms,3,4.89,4.46,4.72,3,3
2022-06-20 12:53:40,2.5,304 ms,4,5.33,4.46,4.57,3,4
2022-06-20 12:53:45,3.18,757 ms,8,6.11,5.05,4.51,3,3
2022-06-20 12:53:50,3.33,1.28  ,10,5.44,5.05,4.81,3,3
2022-06-20 12:53:55,2.69,1.19  ,6,4.67,5.15,5.06,3,3
2022-06-20 12:54:00,3.33,1.41  ,9,5.22,5.15,5.11,3,4
2022-06-20 12:54:05,3.03,1.24  ,8,4.56,5.05,5.14,3,3
2022-06-20 12:54:10,3.18,660 ms,8,4.56,5.05,5.09,3,4
2022-06-20 12:54:15,2.69,395 ms,6,4.67,5.05,5.05,3,4
2022-06-20 12:54:20,2.05,360 ms,2,4.78,4.95,5,3,3
2022-06-20 12:54:25,2.29,307 ms,4,4.89,4.55,4.91,4,3
2022-06-20 12:54:30,2.29,320 ms,4,6,4.55,4.71,4,3
2022-06-20 12:54:35,3.03,448 ms,6,6.11,4.55,4.55,4,4
2022-06-20 12:54:40,2.69,1  ,7,5.78,6.04,5.3,4,5
2022-06-20 12:54:45,3.18,550 ms,9,6.22,6.04,6.04,4,3
2022-06-20 12:54:50,2.69,720 ms,6,5.33,5.74,5.92,4,4
2022-06-20 12:54:55,2.29,466 ms,2,5.11,5.74,5.77,3,6
2022-06-20 12:55:00,2.5,394 ms,5,5.44,5.45,5.62,3,4
2022-06-20 12:55:05,3.96,790 ms,15,5.89,5.45,5.48,3,3
2022-06-20 12:55:10,1.76,803 ms,3,5.11,5.84,5.64,3,4
2022-06-20 12:55:15,2.87,327 ms,7,5.11,5.84,5.84,3,3
2022-06-20 12:55:20,2.5,329 ms,5,6,5.35,5.64,3,3
2022-06-20 12:55:25,2.5,370 ms,5,6.11,5.35,5.4,4,3
2022-06-20 12:55:30,3.18,388 ms,7,6.22,5.74,5.54,4,3
2022-06-20 12:55:35,4.53,469 ms,11,7,5.74,5.74,4,3
2022-06-20 12:55:40,2.5,408 ms,6,7.33,6.63,6.19,4,6
2022-06-20 12:55:45,1.76,337 ms,4,5.78,6.63,6.63,4,5
2022-06-20 12:55:50,2.87,357 ms,7,6.22,5.84,6.32,4,3
2022-06-20 12:55:55,2.05,362 ms,4,5.89,5.84,5.92,4,7
2022-06-20 12:56:00,4.19,376 ms,17,7.78,5.94,5.87,4,3
2022-06-20 12:56:05,3.18,747 ms,7,8.89,5.94,5.92,4,3
2022-06-20 12:56:10,3.72,1.01  ,14,7.22,8.12,6.59,4,4
2022-06-20 12:56:15,2.87,1.07  ,6,5.89,8.12,7.68,4,6
2022-06-20 12:56:20,2.5,698 ms,6,5.33,6.34,7.41,4,6
2022-06-20 12:56:25,2.29,427 ms,4,6.67,6.34,6.51,4,6
2022-06-20 12:56:30,2.5,345 ms,4,5.33,6.63,6.46,4,4
2022-06-20 12:56:35,3.72,455 ms,13,7.56,6.63,6.6,4,4
2022-06-20 12:56:40,3.18,904 ms,10,7.67,6.63,6.63,4,3
2022-06-20 12:56:45,3.33,772 ms,8,7.22,6.63,6.63,4,4
2022-06-20 12:56:50,2.5,546 ms,5,8.67,8.42,7.35,4,6
2022-06-20 12:56:55,2.05,402 ms,4,6.11,8.42,8.24,5,6
2022-06-20 12:57:00,2.5,306 ms,2,4.78,6.14,7.5,5,4
2022-06-20 12:57:05,2.29,342 ms,5,6.11,6.14,6.37,5,4
2022-06-20 12:57:10,2.5,352 ms,6,6.89,6.24,6.18,5,6
2022-06-20 12:57:15,2.5,321 ms,4,6.33,6.24,6.23,5,6
2022-06-20 12:57:20,2.29,287 ms,3,5.11,6.24,6.24,5,5
2022-06-20 12:57:25,2.69,304 ms,7,6,6.24,6.24,4,5
2022-06-20 12:57:30,2.05,360 ms,2,6.78,6.14,6.21,4,5
2022-06-20 12:57:35,2.29,473 ms,2,5.22,6.14,6.16,4,5
2022-06-20 12:57:40,5.15,613 ms,27,7.11,5.05,5.92,4,3
2022-06-20 12:57:45,3.96,1.89  ,15,7.22,5.05,5.38,4,3
2022-06-20 12:57:50,4.97,2.45  ,23,6.11,5.54,5.15,4,4
2022-06-20 12:57:55,5.4,2.66  ,32,6.78,5.54,5.4,3,4
2022-06-20 12:58:00,5.4,306 ms,30,6.11,5.35,5.49,3,4
2022-06-20 12:58:05,4.4,1.14  ,17,5,5.35,5.39,3,4
2022-06-20 12:58:10,4.88,1  ,25,6.44,6.73,5.76,3,4
2022-06-20 12:58:15,4.29,1.74  ,17,6.44,6.73,6.46,3,4
2022-06-20 12:58:20,4.4,1.36  ,12,7.11,7.52,6.89,3,4
2022-06-20 12:58:25,4.97,1.17  ,24,8.67,7.52,7.29,5,4
2022-06-20 12:58:30,4.6,1.65  ,21,7.89,8.12,7.64,5,4
2022-06-20 12:58:35,3.47,1.41  ,11,5.67,8.12,7.94,5,4
2022-06-20 12:58:40,3.03,984 ms,7,5.44,6.53,7.8,5,6
2022-06-20 12:58:45,2.05,600 ms,3,5.56,6.53,7.01,5,6
2022-06-20 12:58:50,2.87,298 ms,6,6.67,6.44,6.51,5,3
2022-06-20 12:58:55,2.87,297 ms,5,6.67,6.44,6.47,6,3
2022-06-20 12:59:00,2.29,284 ms,2,7.11,7.03,6.5,6,6
2022-06-20 12:59:05,2.29,347 ms,5,8.11,7.03,6.79,6,6
2022-06-20 12:59:10,2.5,364 ms,4,7.89,7.92,7.21,6,6
2022-06-20 12:59:15,2.05,365 ms,3,6.22,7.92,7.65,6,6
2022-06-20 12:59:20,2.69,373 ms,6,6.22,5.94,7.52,6,4
2022-06-20 12:59:25,2.05,544 ms,3,5,5.94,6.53,3,5
2022-06-20 12:59:30,2.69,666 ms,8,5.89,5.64,5.91,3,3
2022-06-20 12:59:35,2.87,653 ms,7,6,5.64,5.76,3,4
2022-06-20 12:59:40,4.08,836 ms,14,6.33,5.54,5.63,3,3
2022-06-20 12:59:45,3.85,1.47  ,13,6.78,5.54,5.58,3,3
2022-06-20 12:59:50,3.96,1.75  ,15,5.44,5.54,5.54,3,3
2022-06-20 12:59:55,4.7,1.71  ,20,5.67,5.54,5.54,4,4
2022-06-20 13:00:00,4.5,1.52  ,29,7.33,5.84,5.57,4,4
2022-06-20 13:00:05,4.88,1.81  ,19,7.11,5.84,5.72,4,4
2022-06-20 13:00:10,4.7,1.87  ,23,7.11,5.84,5.84,4,4
2022-06-20 13:00:15,4.5,1.63  ,18,7.33,7.62,6.73,4,4
2022-06-20 13:00:20,4.79,1.54  ,18,6.11,7.62,7.62,4,4
2022-06-20 13:00:25,4.6,1.51  ,21,6,7.13,7.38,4,4
2022-06-20 13:00:30,4.79,1.48  ,21,6.78,5.74,6.99,4,4
2022-06-20 13:00:35,4.6,1.82  ,20,6.11,5.74,6.3,4,4
2022-06-20 13:00:40,4.19,345 ms,18,6.22,6.53,5.82,4,4
2022-06-20 13:00:45,3.85,1.30  ,14,6.67,6.53,6.22,4,4
2022-06-20 13:00:50,3.72,1.03  ,12,5.67,6.34,6.51,4,4
2022-06-20 13:00:55,3.72,960 ms,13,6.11,6.34,6.42,5,4
2022-06-20 13:01:00,3.72,1.06  ,9,6.56,6.34,6.34,5,4
2022-06-20 13:01:05,2.29,814 ms,8,6.89,7.03,6.68,5,6
2022-06-20 13:01:10,2.05,526 ms,3,5.78,7.03,7.03,5,6
2022-06-20 13:01:15,2.29,296 ms,4,5.78,6.83,6.93,5,6
2022-06-20 13:01:20,2.5,292 ms,4,6,6.83,6.83,5,6
2022-06-20 13:01:25,2.29,316 ms,4,5.22,5.94,6.39,5,5
2022-06-20 13:01:30,2.69,528 ms,6,7.89,5.94,5.94,5,5
2022-06-20 13:01:35,2.69,523 ms,6,7.56,7.52,6.73,5,6
2022-06-20 13:01:40,2.29,277 ms,4,5.56,7.52,7.52,5,6
2022-06-20 13:01:45,2.29,359 ms,9,7.22,5.74,6.63,5,6
2022-06-20 13:01:50,3.47,959 ms,13,7.78,5.74,5.74,5,3
2022-06-20 13:01:55,4.6,1.58  ,20,7.22,6.83,6.18,4,4
2022-06-20 13:02:00,4.4,1.84  ,13,7.44,6.83,6.72,4,4
2022-06-20 13:02:05,3.96,1.63  ,15,6.56,6.83,6.83,4,4
2022-06-20 13:02:10,3.96,1.74  ,15,5.89,6.83,6.83,4,4
2022-06-20 13:02:15,4.5,1.52  ,20,6.44,6.14,6.49,4,4
2022-06-20 13:02:20,4.79,1.36  ,24,6.78,6.14,6.14,4,4
2022-06-20 13:02:25,3.72,1.39  ,12,5.78,6.53,6.34,5,4
2022-06-20 13:02:30,4.5,1.16  ,19,6.56,6.53,6.53,5,4
2022-06-20 13:02:35,4.6,1.15  ,22,9.33,7.03,6.73,5,4
2022-06-20 13:02:40,3.33,1.15  ,12,8.78,7.03,6.98,5,4
2022-06-20 13:02:45,4.6,1.35  ,18,7.44,8.71,7.53,5,4
2022-06-20 13:02:50,4.4,1.46  ,17,9.67,8.71,8.38,5,4
2022-06-20 13:02:55,4.08,1.39  ,17,8.22,8.91,8.79,5,4
2022-06-20 13:03:00,3.96,1.20  ,15,8.33,8.91,8.89,5,4
2022-06-20 13:03:05,3.96,1.18  ,14,8.67,8.02,8.55,5,4
2022-06-20 13:03:10,4.4,1.09  ,18,7.67,8.02,8.11,5,4
2022-06-20 13:03:15,3.33,1.08  ,11,7.33,7.33,7.81,5,4
2022-06-20 13:03:20,2.29,763 ms,4,7.44,7.33,7.47,5,6
2022-06-20 13:03:25,2.69,556 ms,4,6.78,8.71,7.88,6,6
2022-06-20 13:03:30,2.87,343 ms,6,7.22,8.71,8.57,6,6
2022-06-20 13:03:35,2.29,315 ms,4,9.22,6.93,8,6,6
2022-06-20 13:03:40,2.5,321 ms,5,8.33,6.93,7.11,6,6
2022-06-20 13:03:45,2.29,316 ms,7,7.78,8.71,7.64,6,6
2022-06-20 13:03:50,2.05,388 ms,5,7.11,8.71,8.53,6,6
2022-06-20 13:03:55,2.69,375 ms,11,6.67,6.93,8,5,6
2022-06-20 13:04:00,3.18,621 ms,7,7.33,6.93,7.11,5,4
2022-06-20 13:04:05,2.29,662 ms,6,6.11,6.83,6.9,5,6
2022-06-20 13:04:10,3.96,454 ms,15,8.11,6.83,6.85,5,4
2022-06-20 13:04:15,3.47,763 ms,11,8,7.82,7.03,5,4
2022-06-20 13:04:20,3.18,812 ms,13,7.67,7.82,7.52,5,3
2022-06-20 13:04:25,4.6,921 ms,18,9,7.72,7.8,4,4
2022-06-20 13:04:30,4.19,1.70  ,17,8,7.72,7.75,4,4
2022-06-20 13:04:35,5.48,2.04  ,32,8.89,7.43,7.66,4,4
2022-06-20 13:04:40,5.4,2.05  ,28,8.44,7.43,7.51,4,4
2022-06-20 13:04:45,4.79,1.46  ,27,8,8.81,7.7,4,4
2022-06-20 13:04:50,3.18,740 ms,10,7.44,8.81,8.4,4,6
2022-06-20 13:04:55,3.72,1.17  ,12,6.33,7.82,8.51,6,4
2022-06-20 13:05:00,3.6,835 ms,12,7.22,7.82,8.02,6,4
2022-06-20 13:05:05,3.72,837 ms,8,7.22,6.93,7.55,6,4
2022-06-20 13:05:10,3.47,801 ms,11,9.11,6.93,7.11,6,4
2022-06-20 13:05:15,2.5,664 ms,5,7.78,9.6,7.47,6,6
2022-06-20 13:05:20,3.37,430 ms,7,6.33,9.6,8.8,6,5
2022-06-20 13:05:25,3.37,333 ms,10,8.22,6.83,9.05,6,5
2022-06-20 13:05:30,3.18,381 ms,9,9.33,6.83,7.66,6,3
2022-06-20 13:05:35,2.5,405 ms,5,8,8.71,7.21,6,6
2022-06-20 13:05:40,2.5,320 ms,5,7,8.71,8.15,6,6
2022-06-20 13:05:45,2.69,273 ms,6,7.11,6.93,8.36,6,4
2022-06-20 13:05:50,2.5,304 ms,7,6.89,6.93,7.47,6,4
2022-06-20 13:05:55,2.5,394 ms,5,8.11,8.42,7.23,5,6
2022-06-20 13:06:00,2.29,1  ,5,9,8.42,7.97,5,6
2022-06-20 13:06:05,2.29,338 ms,4,8.33,7.72,8.28,5,6
2022-06-20 13:06:10,2.29,429 ms,5,6.89,7.72,7.93,5,6
2022-06-20 13:06:15,3.03,1  ,8,8.11,7.62,7.7,5,3
2022-06-20 13:06:20,2.87,606 ms,6,7,7.62,7.65,5,6
2022-06-20 13:06:25,2.29,307 ms,4,5.56,6.34,7.37,4,6
2022-06-20 13:06:30,4.6,546 ms,18,8.33,6.34,6.72,4,3
2022-06-20 13:06:35,4.6,1  ,34,10.3,7.52,6.46,4,3
2022-06-20 13:06:40,6.23,1.72  ,42,10.3,7.52,7.05,4,4
2022-06-20 13:06:45,5.72,2.15  ,32,6.78,7.62,7.53,4,4
2022-06-20 13:06:50,5.64,1.48  ,35,7.22,7.62,7.58,4,4
2022-06-20 13:06:55,5.79,494 ms,32,7.89,7.62,7.62,6,4
2022-06-20 13:07:00,5.48,1  ,38,8.56,8.32,7.97,6,4
2022-06-20 13:07:05,5.56,1  ,19,8.22,8.32,8.32,6,4
2022-06-20 13:07:10,4.79,1.42  ,23,9,9.5,8.91,6,4
2022-06-20 13:07:15,5.64,1.39  ,31,10.1,9.8,9.53,6,4
2022-06-20 13:07:20,3.72,1  ,12,10.1,9.8,9.68,6,4
2022-06-20 13:07:25,3.72,289 ms,18,7.78,9.11,9.73,6,4
2022-06-20 13:07:30,4.4,557 ms,18,9.89,9.11,9.39,6,4
2022-06-20 13:07:35,4.19,566 ms,14,8.67,9.11,9.11,6,4
2022-06-20 13:07:40,4.19,1.24  ,17,9.67,9.5,9.31,6,4
2022-06-20 13:07:45,4.98,1.45  ,24,8.78,9.5,9.5,6,4
2022-06-20 13:07:50,4.29,1.48  ,16,8,9.21,9.36,6,4
2022-06-20 13:07:55,4.52,713 ms,19,8.11,9.21,9.21,6,4
2022-06-20 13:08:00,4.08,1.06  ,21,8.78,8.51,8.93,6,4
2022-06-20 13:08:05,5.23,1.47  ,22,9,8.51,8.58,6,4
2022-06-20 13:08:10,5.64,1.97  ,35,10.6,8.71,8.61,6,4
2022-06-20 13:08:15,5.64,589 ms,24,9.33,8.71,8.71,6,4
2022-06-20 13:08:20,5.64,1.95  ,50,10.3,8.42,8.59,6,4
2022-06-20 13:08:25,6.01,2.24  ,32,11.2,8.42,8.45,7,4
2022-06-20 13:08:30,5.56,1  ,33,9.56,11.1,9.75,7,4
2022-06-20 13:08:35,4.6,1.57  ,14,6.89,11.1,11.1,7,4
2022-06-20 13:08:40,3.33,1.11  ,10,6,9.7,10.4,7,4
2022-06-20 13:08:45,1.76,654 ms,3,4.67,9.7,9.7,7,6
2022-06-20 13:08:50,2.05,365 ms,4,6.11,6.14,8.28,7,4
2022-06-20 13:08:55,2.29,288 ms,4,6.89,6.14,6.5,8,6
2022-06-20 13:09:00,2.69,286 ms,6,6.44,6.63,6.39,8,5
2022-06-20 13:09:05,2.5,274 ms,5,6,6.63,6.63,8,5
2022-06-20 13:09:10,2.5,297 ms,5,5.67,5.74,6.37,8,3
2022-06-20 13:09:15,2.05,1  ,3,5.11,5.74,5.92,8,3
2022-06-20 13:09:20,2.64,315 ms,5,5.56,5.25,5.59,8,4
2022-06-20 13:09:25,2.29,315 ms,4,6,5.25,5.35,4,5
2022-06-20 13:09:30,2.29,1  ,5,5.89,5.94,5.52,4,4
2022-06-20 13:09:35,2.05,309 ms,4,5.44,5.94,5.87,4,4
2022-06-20 13:09:40,3.72,552 ms,14,6.56,5.54,5.82,4,2
2022-06-20 13:09:45,3.72,832 ms,13,7.11,5.54,5.62,4,2
2022-06-20 13:09:50,5.15,1.93  ,23,6.22,5.94,5.7,4,4
2022-06-20 13:09:55,4.79,2.49  ,22,6,5.94,5.9,3,4
2022-06-20 13:10:00,4.4,2.66  ,18,5.78,5.05,5.67,3,4
2022-06-20 13:10:05,4.97,2.41  ,26,5.78,5.05,5.23,3,4
2022-06-20 13:10:10,4.29,2.56  ,18,5.56,5.64,5.29,3,4
2022-06-20 13:10:15,4.19,2.02  ,17,5,5.64,5.58,3,4
2022-06-20 13:10:20,3.6,1.72  ,13,5.56,6.53,6,3,4
2022-06-20 13:10:25,3.6,1.44  ,14,5.44,6.53,6.45,4,4
2022-06-20 13:10:30,3.03,1.17  ,8,4.11,5.25,6.28,4,4
2022-06-20 13:10:35,2.5,820 ms,2,4.56,5.25,5.63,4,3
2022-06-20 13:10:40,1.76,388 ms,2,5,5.74,5.4,4,4
2022-06-20 13:10:45,2.29,321 ms,3,4.78,5.74,5.64,4,4
2022-06-20 13:10:50,2.29,332 ms,4,5.11,4.75,5.54,4,2
2022-06-20 13:10:55,2.29,492 ms,4,3.89,4.75,5.05,4,2
2022-06-20 13:11:00,2.29,347 ms,4,2.78,3.96,4.59,4,2
2022-06-20 13:11:05,2.29,351 ms,3,4.33,3.96,4.2,4,2
2022-06-20 13:11:10,1.76,319 ms,2,4.67,4.06,3.99,4,2
2022-06-20 13:11:15,2.5,357 ms,5,4.56,4.06,4.04,4,2
2022-06-20 13:11:20,2.29,399 ms,3,3.78,4.06,4.06,4,2
2022-06-20 13:11:25,2.05,295 ms,3,3.11,4.06,4.06,3,4
2022-06-20 13:11:30,2.29,1  ,5,3.22,3.56,3.91,3,2
2022-06-20 13:11:35,2.29,303 ms,4,2.44,3.56,3.66,3,2
2022-06-20 13:11:40,2.69,395 ms,5,2.56,2.38,3.21,3,2
2022-06-20 13:11:45,2.05,345 ms,3,2.22,2.38,2.61,3,2
2022-06-20 13:11:50,2.05,312 ms,3,2.78,2.48,2.4,3,2
2022-06-20 13:11:55,1.76,305 ms,2,2.33,2.48,2.45,2,3
2022-06-20 13:12:00,2.05,1  ,3,2.11,2.08,2.44,2,3
2022-06-20 13:12:05,2.05,641 ms,3,2.33,2.08,2.24,2,3
2022-06-20 13:12:10,2.29,292 ms,4,2.44,2.48,2.16,2,2
2022-06-20 13:12:15,2.29,375 ms,3,2.67,2.48,2.36,2,2
2022-06-20 13:12:20,2.5,486 ms,5,3,2.67,2.5,2,2
2022-06-20 13:12:25,1.76,662 ms,2,3,2.67,2.59,2,2
2022-06-20 13:12:30,1.76,433 ms,2,2.78,3.07,2.71,2,2
2022-06-20 13:12:35,2.29,295 ms,4,3.33,3.07,2.91,2,2
2022-06-20 13:12:40,2.29,411 ms,4,2.44,2.87,3.05,2,1
2022-06-20 13:12:45,2.29,484 ms,4,1.78,2.87,2.95,2,1
2022-06-20 13:12:50,2.05,279 ms,3,2.11,1.88,2.67,2,1
2022-06-20 13:12:55,2.05,317 ms,2,2.56,1.88,2.18,2,1
2022-06-20 13:13:00,1.76,534 ms,3,2.56,2.67,1.96,2,2
2022-06-20 13:13:05,2.5,567 ms,4,1.89,2.67,2.36,2,2
2022-06-20 13:13:10,1.76,304 ms,2,1.56,1.58,2.56,2,2
2022-06-20 13:13:15,2.05,279 ms,3,1.78,1.58,2.02,2,2
2022-06-20 13:13:20,2.05,283 ms,3,1.89,2.08,1.68,2,2
2022-06-20 13:13:25,2.05,289 ms,3,1.89,2.08,1.93,2,2
2022-06-20 13:13:30,2.29,278 ms,3,2.11,2.08,2.08,2,2
2022-06-20 13:13:35,2.05,279 ms,3,1.89,1.68,1.88,2,1
2022-06-20 13:13:40,2.29,545 ms,4,1.44,1.68,1.68,2,2
2022-06-20 13:13:45,2.05,441 ms,3,1.56,1.78,1.73,2,1
2022-06-20 13:13:50,1.76,288 ms,2,1.67,1.68,1.77,2,1
2022-06-20 13:13:55,1.76,328 ms,2,2,1.68,1.72,2,1
2022-06-20 13:14:00,2.05,361 ms,3,1.22,1.39,1.65,2,2
2022-06-20 13:14:05,1.76,304 ms,2,0.889,1.39,1.5,2,2
2022-06-20 13:14:10,1.76,251 ms,2,0.667,0.891,1.34,2,2
2022-06-20 13:14:15,2.05,304 ms,3,1.56,0.891,1.09,2,2
2022-06-20 13:14:20,2.05,314 ms,2,1.67,1.78,0.98,2,1
2022-06-20 13:14:25,2.05,370 ms,4,1.11,1.78,1.43,2,1
2022-06-20 13:14:30,2.05,399 ms,2,1.44,1.49,1.75,2,1
2022-06-20 13:14:35,2.05,297 ms,3,1.67,1.49,1.6,2,1
2022-06-20 13:14:40,2.29,390 ms,4,1.89,1.68,1.5,2,1
2022-06-20 13:14:45,2.05,656 ms,2,1.78,1.68,1.6,2,1
2022-06-20 13:14:50,2.29,558 ms,4,1.44,1.49,1.66,2,1
2022-06-20 13:14:55,3.47,410 ms,12,2.22,1.49,1.56,1,1
2022-06-20 13:15:05,4.5,5.74  ,22,2.44,1.49,1.49,1,2
2022-06-20 13:15:15,3.85,1.97  ,15,2,1.19,1.34,1,4
2022-06-20 13:15:20,4.08,1.29  ,16,2.22,1.19,1.19,1,4
2022-06-20 13:15:25,3.33,676 ms,10,1.44,2.38,1.66,1,3
2022-06-20 13:15:30,1.76,321 ms,3,1.33,2.38,2.26,1,3
2022-06-20 13:15:35,2.05,290 ms,3,1.56,2.67,2.5,2,3
2022-06-20 13:15:40,2.29,295 ms,4,1.33,2.67,2.64,2,3
2022-06-20 13:15:45,2.05,296 ms,3,1.44,1.49,2.2,2,1
2022-06-20 13:15:50,1.76,267 ms,2,1.44,1.49,1.6,2,1
2022-06-20 13:15:55,1.76,387 ms,2,1.44,1.39,1.45,2,2
2022-06-20 13:16:00,1.76,354 ms,2,1.11,1.39,1.4,2,2
2022-06-20 13:16:05,2.05,295 ms,2,1.11,1.19,1.31,2,2
2022-06-20 13:16:10,2.05,528 ms,3,1.33,1.19,1.21,2,2
2022-06-20 13:16:15,2.05,531 ms,3,1.44,1.29,1.23,2,2
2022-06-20 13:16:20,1.76,411 ms,2,1.89,1.29,1.28,2,1
2022-06-20 13:16:25,1.76,491 ms,2,2,1.88,1.58,2,2
2022-06-20 13:16:30,2.29,449 ms,4,1.67,1.88,1.88,2,1
2022-06-20 13:16:35,1.76,593 ms,2,1.11,1.68,1.8,1,2
2022-06-20 13:16:40,2.29,688 ms,5,1.33,1.68,1.7,1,1
2022-06-20 13:16:45,1.76,747 ms,2,1.67,1.09,1.45,1,1
2022-06-20 13:16:50,1.76,1.20  ,2,1.56,1.09,1.15,1,1
2022-06-20 13:16:55,2.69,1.63  ,6,1.67,1.68,1.27,1,2
2022-06-20 13:17:00,2.5,2.58  ,4,2.11,1.68,1.56,1,1
2022-06-20 13:17:10,3.33,5.89  ,10,2.56,1.78,1.71,1,1
2022-06-20 13:17:15,3.96,2.74  ,15,2.56,1.78,1.76,1,1
2022-06-20 13:17:20,4.88,2.14  ,24,2.22,1.49,1.69,1,4
2022-06-20 13:17:25,4.19,262 ms,17,1.78,1.49,1.54,1,4
2022-06-20 13:17:30,3.03,1.31  ,8,1,1.58,1.51,1,3
2022-06-20 13:17:35,2.87,1.05  ,7,2,1.58,1.56,1,3
2022-06-20 13:17:40,3.03,359 ms,9,2.33,2.77,2.06,2,3
2022-06-20 13:17:45,1.76,313 ms,2,1.56,2.77,2.65,2,3
2022-06-20 13:17:50,2.05,294 ms,3,1.22,2.08,2.5,2,3
2022-06-20 13:17:55,2.05,291 ms,3,1.22,2.08,2.15,2,3
2022-06-20 13:18:00,2.29,327 ms,4,1.89,1.29,1.84,2,1
2022-06-20 13:18:05,1.76,334 ms,2,1.78,1.29,1.45,2,1
2022-06-20 13:18:10,2.05,349 ms,2,1,1.58,1.38,2,2
2022-06-20 13:18:15,2.05,345 ms,4,1.67,1.58,1.52,2,2
2022-06-20 13:18:20,2.29,299 ms,4,1.89,1.58,1.58,2,2
2022-06-20 13:18:25,1.76,315 ms,2,1.56,1.58,1.58,2,2
2022-06-20 13:18:30,2.29,287 ms,4,1.11,1.49,1.56,2,1
2022-06-20 13:18:35,1.76,282 ms,2,1.67,1.49,1.51,2,1
2022-06-20 13:18:40,2.05,312 ms,3,1.78,2.08,1.66,2,1
2022-06-20 13:18:45,1.76,717 ms,2,1.44,2.08,1.96,2,2
2022-06-20 13:18:50,1.76,992 ms,2,1.22,1.19,1.9,2,2
2022-06-20 13:18:55,2.05,1.03  ,3,1.56,1.19,1.46,2,2
2022-06-20 13:19:00,2.29,1.10  ,2,1.33,1.58,1.27,2,1
2022-06-20 13:19:05,1.76,832 ms,2,0.667,1.58,1.47,2,1
2022-06-20 13:19:10,2.29,774 ms,4,1.22,0.792,1.35,1,1
2022-06-20 13:19:15,2.05,2.70  ,4,1.67,0.792,0.95,1,1
2022-06-20 13:19:35,1.76,1.06  ,2,1.44,1.39,0.911,1,1
2022-06-20 13:19:40,3.03,670 ms,9,2.22,1.39,1.21,1,1
2022-06-20 13:19:45,3.47,325 ms,10,2.11,1.58,1.43,1,1
2022-06-20 13:19:50,4.79,272 ms,23,2.67,1.58,1.52,1,1
2022-06-20 13:19:55,4.08,502 ms,17,2.22,1.78,1.62,2,4
2022-06-20 13:20:00,3.72,573 ms,16,1.78,1.78,1.72,2,4
2022-06-20 13:20:05,2.5,303 ms,8,1.22,2.38,1.9,2,3
2022-06-20 13:20:10,2.05,313 ms,2,1.44,2.38,2.2,2,3
2022-06-20 13:20:15,2.29,482 ms,4,1.89,1.88,2.28,2,3
2022-06-20 13:20:20,2.29,430 ms,3,1.78,1.88,2.03,2,3
2022-06-20 13:20:25,2.29,323 ms,4,1.67,1.98,1.89,2,1
2022-06-20 13:20:30,2.05,572 ms,2,1.22,1.98,1.94,2,2
2022-06-20 13:20:35,1.76,1.19  ,2,1,1.09,1.89,2,2
2022-06-20 13:20:50,2.05,5.90  ,3,1.44,1.09,1.45,2,1
2022-06-20 13:20:55,2.05,4.06  ,3,1.56,1.29,1.11,2,1
2022-06-20 13:21:00,1.76,4.63  ,2,1.78,1.29,1.21,2,1
2022-06-20 13:21:05,2.29,2.38  ,2,2.22,2.08,1.37,1,2
2022-06-20 13:21:10,3.6,2.22  ,13,2.67,2.08,1.76,1,2
2022-06-20 13:21:15,4.29,2.10  ,18,2.78,1.29,2,1,1
2022-06-20 13:21:20,4.88,1.95  ,24,2.56,1.29,1.6,1,1
2022-06-20 13:21:25,4.5,770 ms,20,2.22,1.88,1.41,1,4
2022-06-20 13:21:30,5.06,2.67  ,26,2.78,1.88,1.7,1,4
2022-06-20 13:21:35,5.23,2.48  ,26,2.33,1.98,1.89,2,4
2022-06-20 13:21:40,5.32,2.65  ,27,2.56,1.98,1.94,2,4
2022-06-20 13:21:45,4.7,1  ,21,2.78,3.37,2.26,2,4
2022-06-20 13:21:50,4.19,2.37  ,16,2.33,3.37,2.95,2,4
2022-06-20 13:21:55,3.6,2.29  ,12,2.56,3.47,3.38,2,4
2022-06-20 13:22:00,3.33,273 ms,10,2.78,3.47,3.43,2,3
2022-06-20 13:22:05,3.85,385 ms,16,3.22,3.47,3.47,2,1
2022-06-20 13:22:10,3.6,282 ms,15,3.67,2.67,3.07,2,1
2022-06-20 13:22:15,3.47,308 ms,11,2.78,2.67,2.67,2,4
2022-06-20 13:22:20,3.85,316 ms,13,3.11,3.37,3.02,2,4
2022-06-20 13:22:25,3.6,372 ms,12,2,2.08,3.24,2,3
2022-06-20 13:22:30,3.47,414 ms,10,1.67,2.08,2.59,2,3
2022-06-20 13:22:35,3.47,319 ms,11,2.56,2.08,2.08,3,3
2022-06-20 13:22:40,3.96,337 ms,14,2.89,2.48,2.28,3,4
2022-06-20 13:22:45,1.76,449 ms,2,2.22,3.17,2.54,3,3
2022-06-20 13:22:50,2.05,418 ms,5,2.89,3.17,2.89,3,3
2022-06-20 13:22:55,2.05,527 ms,3,3.56,3.17,3.17,3,3
2022-06-20 13:23:00,2.29,1.68  ,3,3.33,3.27,3.22,3,2
2022-06-20 13:23:05,2.69,1  ,5,3.67,3.37,3.28,3,2
2022-06-20 13:23:10,2.05,3.28  ,2,4,3.37,3.33,3,4
2022-06-20 13:23:15,2.29,3.02  ,5,4.56,3.37,3.37,3,2
2022-06-20 13:23:20,2.69,3.09  ,6,4.78,4.55,3.96,3,3
2022-06-20 13:23:25,2.5,4.10  ,5,3.33,4.55,4.55,3,3
2022-06-20 13:23:35,2.69,1.14  ,7,3.22,3.47,4.12,3,2
2022-06-20 13:23:40,3.6,737 ms,6,4.89,3.47,3.57,2,2
2022-06-20 13:23:45,5.06,278 ms,26,5.44,3.96,3.71,2,3
2022-06-20 13:23:50,4.79,265 ms,23,4.44,3.96,3.96,2,3
2022-06-20 13:23:55,5.06,255 ms,28,4.11,3.47,3.71,2,4
2022-06-20 13:24:00,5.94,300 ms,37,5.22,3.47,3.47,2,4
2022-06-20 13:24:05,6.37,1.43  ,42,5.56,3.56,3.5,2,4
2022-06-20 13:24:10,7.32,1.43  ,57,6.33,3.56,3.55,4,4
2022-06-20 13:24:15,6.43,297 ms,46,5.44,4.26,3.91,4,4
2022-06-20 13:24:20,4.4,1.02  ,18,3.11,4.26,4.26,4,4
2022-06-20 13:24:25,3.96,889 ms,16,4.56,7.43,5.52,4,4
2022-06-20 13:24:30,4.08,916 ms,16,5.44,7.43,7.11,4,4
2022-06-20 13:24:35,3.6,914 ms,13,4.22,5.25,6.34,4,4
2022-06-20 13:24:40,3.72,633 ms,14,4.11,5.25,5.25,4,4
2022-06-20 13:24:45,3.6,410 ms,12,5.44,4.85,5.09,4,4
2022-06-20 13:24:50,3.72,332 ms,13,4.67,4.85,4.89,4,4
2022-06-20 13:24:55,3.6,369 ms,13,4.67,4.26,4.61,4,4
2022-06-20 13:25:00,3.18,368 ms,9,4.56,4.26,4.32,4,4
2022-06-20 13:25:05,3.03,683 ms,7,4.67,5.45,4.73,4,4
2022-06-20 13:25:10,3.18,724 ms,9,5,5.45,5.33,4,4
2022-06-20 13:25:15,3.03,473 ms,8,6.56,5.05,5.29,4,3
2022-06-20 13:25:20,2.69,290 ms,7,5.78,5.05,5.09,4,4
2022-06-20 13:25:25,2.5,305 ms,5,5,5.84,5.37,4,4
2022-06-20 13:25:30,2.29,319 ms,6,5.56,5.84,5.76,4,6
2022-06-20 13:25:35,2.29,353 ms,5,6.11,5.94,5.88,4,6
2022-06-20 13:25:40,2.69,337 ms,4,6.33,5.94,5.93,4,4
2022-06-20 13:25:45,2.69,364 ms,7,6.89,6.14,6.02,4,5
2022-06-20 13:25:50,3.47,350 ms,10,7.77,6.14,6.12,4,3
2022-06-20 13:25:55,2.05,415 ms,5,6.89,7.23,6.47,4,6
2022-06-20 13:26:00,2.5,380 ms,3,5.44,7.23,7.01,4,6
2022-06-20 13:26:05,2.29,477 ms,7,5.89,5.94,6.71,4,5
2022-06-20 13:26:10,2.05,1.01  ,5,6.22,5.94,6.07,4,6
2022-06-20 13:26:15,2.29,1.24  ,4,6.44,6.44,6.14,4,5
2022-06-20 13:26:20,1.76,1.22  ,2,6,6.44,6.39,4,5
2022-06-20 13:26:25,2.69,378 ms,5,5.89,5.64,6.28,4,4
2022-06-20 13:26:30,2.87,1.43  ,3,6.44,5.64,5.88,4,4
2022-06-20 13:26:35,2.69,288 ms,6,6.89,7.33,6.15,4,6
2022-06-20 13:26:40,2.05,255 ms,5,6.11,7.33,6.99,4,5
2022-06-20 13:26:45,2.29,312 ms,7,7,5.74,7.01,4,4
2022-06-20 13:26:50,3.33,740 ms,8,7.22,5.74,6.22,4,3
2022-06-20 13:26:55,4.6,655 ms,19,8,6.73,5.94,4,4
2022-06-20 13:27:00,4.4,400 ms,19,9.44,6.73,6.44,4,4
2022-06-20 13:27:05,4.5,1.07  ,21,8,8.22,7.03,4,4
2022-06-20 13:27:10,4.8,1.06  ,21,6.56,8.22,7.77,4,4
2022-06-20 13:27:15,4.5,328 ms,20,6.44,6.24,7.62,4,4
2022-06-20 13:27:20,4.19,374 ms,18,6.56,6.24,6.63,4,4
2022-06-20 13:27:25,4.62,372 ms,20,6.11,6.14,6.22,4,4
2022-06-20 13:27:30,4.5,377 ms,31,7.22,6.14,6.17,4,4
2022-06-20 13:27:35,5.56,350 ms,25,8.89,7.23,6.36,4,4
2022-06-20 13:27:40,5.44,315 ms,20,7.33,7.23,6.9,6,4
2022-06-20 13:27:45,3.47,546 ms,10,8.56,10,7.5,6,4
2022-06-20 13:27:50,3.85,1  ,15,8.56,10,8.89,6,4
2022-06-20 13:27:55,3.96,1.27  ,16,7.56,7.43,9.74,6,4
2022-06-20 13:28:00,2.69,872 ms,7,6.78,7.43,8.46,6,6
2022-06-20 13:28:05,2.5,1  ,4,5.67,7.92,7.48,6,6
2022-06-20 13:28:10,3.03,275 ms,7,8,7.92,7.72,6,6
2022-06-20 13:28:15,2.29,290 ms,5,8.22,7.43,7.87,6,6
2022-06-20 13:28:20,2.69,340 ms,6,7.44,7.43,7.62,6,6
2022-06-20 13:28:25,2.5,653 ms,6,6.67,7.43,7.43,6,6
2022-06-20 13:28:30,3.47,783 ms,9,8.22,7.43,7.43,6,4
2022-06-20 13:28:35,4.79,731 ms,25,9.44,8.51,7.53,6,4
2022-06-20 13:28:40,3.33,543 ms,9,8.33,8.51,8.08,5,4
2022-06-20 13:28:45,5.15,300 ms,14,7.11,7.13,8.38,5,4
2022-06-20 13:28:50,4.29,1.22  ,18,7.89,7.13,7.68,5,4
2022-06-20 13:28:55,4.29,1.25  ,17,6.33,6.83,7.1,5,4
2022-06-20 13:29:00,4.79,327 ms,23,7.22,6.83,6.95,5,4
2022-06-20 13:29:05,4.7,275 ms,13,8.11,6.83,6.83,5,4
2022-06-20 13:29:10,4.88,273 ms,23,7.67,7.72,7.28,4,4
2022-06-20 13:29:15,4.88,1.09  ,27,6.56,6.34,7.58,4,4
2022-06-20 13:29:20,4.7,422 ms,22,8.22,6.34,6.89,4,4
2022-06-20 13:29:25,4.29,379 ms,15,7.33,9.31,6.63,4,4
2022-06-20 13:29:30,4.29,1.01  ,16,8.11,9.31,8.12,4,4
2022-06-20 13:29:35,3.85,1.00  ,16,8.67,8.42,9.22,4,4
2022-06-20 13:29:40,3.85,904 ms,15,7.44,8.42,8.77,6,4
2022-06-20 13:29:45,3.18,901 ms,10,7.44,8.42,8.42,6,6
2022-06-20 13:29:50,3.6,767 ms,12,6.89,7.62,8.02,6,4
2022-06-20 13:29:55,3.33,944 ms,10,7.44,7.52,7.61,6,4
2022-06-20 13:30:00,4.19,846 ms,11,7.89,7.52,7.56,6,4
2022-06-20 13:30:05,3.6,438 ms,11,8.33,7.52,7.52,6,4
2022-06-20 13:30:10,3.6,423 ms,19,8.11,7.52,7.52,6,4
2022-06-20 13:30:15,3.47,461 ms,11,8.33,8.81,7.65,6,4
2022-06-20 13:30:20,3.33,391 ms,10,6.22,8.81,8.3,6,4
2022-06-20 13:30:25,3.18,285 ms,9,5.44,8.81,8.81,6,6
2022-06-20 13:30:30,3.47,317 ms,8,6.22,5.54,7.18,6,4
2022-06-20 13:30:35,3.47,1  ,15,8.67,5.54,5.54,6,4
2022-06-20 13:30:40,3.03,302 ms,8,10.7,8.22,6.61,6,6
2022-06-20 13:30:45,3.03,350 ms,7,7.44,8.22,7.95,6,6
2022-06-20 13:30:50,2.29,392 ms,4,8.44,9.21,8.71,6,6
2022-06-20 13:30:55,2.29,414 ms,7,7,9.21,9.21,6,6
2022-06-20 13:31:00,2.29,469 ms,2,8.22,7.72,8.47,6,6
2022-06-20 13:31:05,2.29,536 ms,7,7.67,7.72,7.72,6,6
2022-06-20 13:31:10,2.05,429 ms,3,6.78,8.91,8.32,6,6
2022-06-20 13:31:15,2.29,392 ms,3,5.11,8.91,8.91,6,6
2022-06-20 13:31:20,2.54,416 ms,5,6.56,5.25,7.45,6,4
2022-06-20 13:31:25,2.69,369 ms,5,6.78,5.25,5.61,6,4
2022-06-20 13:31:30,2.69,381 ms,6,6.78,7.23,6.24,6,5
2022-06-20 13:31:35,2.87,377 ms,6,8,7.23,7.23,6,5
2022-06-20 13:31:40,2.69,312 ms,5,6.89,7.52,7.38,4,5
2022-06-20 13:31:45,3.18,407 ms,8,7.78,7.52,7.52,4,3
2022-06-20 13:31:50,2.05,423 ms,4,6.89,7.72,7.6,4,6
2022-06-20 13:31:55,2.29,368 ms,3,6.56,7.72,7.7,4,6
2022-06-20 13:32:00,3.03,363 ms,8,6.78,6.73,7.33,4,3
2022-06-20 13:32:05,3.33,378 ms,6,5.89,6.73,6.83,4,3
2022-06-20 13:32:10,2.5,352 ms,6,6.22,6.34,6.57,5,6
2022-06-20 13:32:15,2.05,451 ms,4,6.78,6.34,6.38,5,6
2022-06-20 13:32:20,2.29,400 ms,4,5.89,7.13,6.65,5,6
2022-06-20 13:32:25,2.05,529 ms,8,6.11,7.13,7.05,5,6
2022-06-20 13:32:30,2.05,1.09  ,4,7.11,6.53,6.95,5,5
2022-06-20 13:32:35,2.5,398 ms,6,6.56,6.53,6.65,5,4
2022-06-20 13:32:40,2.29,412 ms,4,6.89,7.03,6.68,4,5
2022-06-20 13:32:45,2.05,290 ms,3,5.56,7.03,6.93,4,6
2022-06-20 13:32:50,2.5,290 ms,6,5.89,5.84,6.67,4,5
2022-06-20 13:32:55,2.29,668 ms,7,6.22,5.84,6.08,4,3
2022-06-20 13:33:00,2.69,1.26  ,5,6.33,6.53,6.05,4,5
2022-06-20 13:33:05,2.87,1.45  ,6,6.56,6.53,6.4,4,3
2022-06-20 13:33:10,3.6,1.07  ,13,7.67,6.73,6.57,4,4
2022-06-20 13:33:15,3.72,567 ms,13,7.89,6.73,6.67,4,4
2022-06-20 13:33:20,4.88,286 ms,23,8.11,6.53,6.67,4,4
2022-06-20 13:33:25,4.6,1.03  ,21,7.44,6.53,6.57,4,4
2022-06-20 13:33:30,4.5,1.05  ,15,6.56,7.03,6.63,4,4
2022-06-20 13:33:35,5.13,354 ms,25,7.67,7.03,6.88,4,4
2022-06-20 13:33:40,4.79,996 ms,31,8,7.23,7.09,5,4
2022-06-20 13:33:45,4.79,853 ms,22,7.78,7.23,7.19,5,4
2022-06-20 13:33:50,4.79,561 ms,23,6.89,7.72,7.38,5,4
2022-06-20 13:33:55,3.85,408 ms,15,7.11,7.72,7.62,5,4
2022-06-20 13:34:00,3.96,434 ms,14,5.56,6.93,7.56,5,4
2022-06-20 13:34:05,3.33,428 ms,8,6.11,6.93,7.17,5,4
2022-06-20 13:34:10,3.72,380 ms,13,7,7.03,6.95,6,4
2022-06-20 13:34:15,3.72,323 ms,18,8.11,7.03,7,6,4
2022-06-20 13:34:20,3.33,276 ms,10,8.44,8.12,7.14,6,4
2022-06-20 13:34:25,3.47,282 ms,11,7.22,8.12,7.68,6,4
2022-06-20 13:34:30,2.5,329 ms,3,5.22,6.93,7.88,6,6
2022-06-20 13:34:35,2.29,657 ms,3,6.33,6.93,7.29,6,6
2022-06-20 13:34:40,3.18,1.01  ,4,8,8.02,7.15,6,4
2022-06-20 13:34:45,3.03,525 ms,7,8.89,8.02,7.69,6,6
2022-06-20 13:34:50,2.05,407 ms,2,8.44,8.42,8.1,6,6
2022-06-20 13:34:55,2.05,438 ms,3,6.22,8.42,8.3,6,6
2022-06-20 13:35:00,2.69,950 ms,5,6.89,6.63,8.24,6,6
2022-06-20 13:35:05,2.5,964 ms,5,6.44,6.63,7.35,6,6
2022-06-20 13:35:10,2.05,736 ms,3,5.89,5.94,6.56,5,5
2022-06-20 13:35:15,2.5,831 ms,6,7.56,5.94,6.22,5,5
2022-06-20 13:35:20,2.69,752 ms,6,7.78,7.13,6.18,5,6
2022-06-20 13:35:25,3.03,1.53  ,8,5.33,7.13,6.77,5,3
2022-06-20 13:35:30,2.29,1.41  ,5,6.22,6.44,6.99,5,6
2022-06-20 13:35:35,2.87,330 ms,4,7.22,6.44,6.64,5,3
2022-06-20 13:35:40,2.87,701 ms,10,8.33,6.44,6.44,4,3
2022-06-20 13:35:45,3.33,819 ms,10,7.89,7.43,6.93,4,4
2022-06-20 13:35:50,2.5,894 ms,6,5.22,6.34,7.32,4,6
2022-06-20 13:35:55,4.08,1.16  ,16,6.89,6.34,6.77,4,4
2022-06-20 13:36:00,3.85,343 ms,13,8.78,7.13,6.42,4,4
2022-06-20 13:36:05,3.96,317 ms,10,7.22,7.13,6.81,4,4
2022-06-20 13:36:10,3.72,402 ms,12,6.56,7.13,7.13,4,4
2022-06-20 13:36:15,4.08,415 ms,13,6,7.03,7.08,4,4
2022-06-20 13:36:20,4.88,1.02  ,22,7.22,6.14,6.94,4,4
2022-06-20 13:36:25,3.72,1.24  ,15,6.56,6.14,6.5,4,4
2022-06-20 13:36:30,3.47,1.04  ,10,5.78,7.23,6.25,4,4
2022-06-20 13:36:35,3.85,1.05  ,13,6.67,7.23,6.79,4,4
2022-06-20 13:36:40,4.08,1.38  ,16,6.67,5.94,7.1,5,4
2022-06-20 13:36:45,3.85,1.43  ,12,7.78,5.94,6.46,5,4
2022-06-20 13:36:50,3.47,981 ms,13,7.67,7.52,6.1,5,4
2022-06-20 13:36:55,3.85,670 ms,13,7.11,7.52,6.89,5,4
2022-06-20 13:37:00,4.54,291 ms,30,9.11,7.52,7.52,5,4
2022-06-20 13:37:05,5.87,640 ms,27,9.89,8.22,7.8,5,4
2022-06-20 13:37:10,4.79,738 ms,21,6.56,8.22,8.15,5,4
2022-06-20 13:37:15,4.88,449 ms,25,6.22,8.22,8.22,5,4
2022-06-20 13:37:20,5.06,318 ms,27,8.11,8.22,8.22,5,4
2022-06-20 13:37:25,5.64,334 ms,33,8.67,7.52,7.94,5,4
2022-06-20 13:37:30,4.88,358 ms,25,7.67,7.52,7.59,5,4
2022-06-20 13:37:35,3.72,377 ms,19,5.67,7.23,7.41,5,4
2022-06-20 13:37:40,4.08,894 ms,13,5.11,7.23,7.26,6,4
2022-06-20 13:37:45,4.67,1.12  ,18,8.67,6.53,6.95,6,4
2022-06-20 13:37:50,4.08,881 ms,16,9,6.53,6.6,6,4
2022-06-20 13:37:55,3.18,1.21  ,7,6.67,9.31,7.64,6,6
2022-06-20 13:38:00,2.29,680 ms,4,7.11,9.31,9.03,6,6
2022-06-20 13:38:05,2.5,1.19  ,4,7.22,7.62,8.47,6,6
2022-06-20 13:38:10,2.87,1.32  ,5,8.67,7.62,7.62,8,6
2022-06-20 13:38:15,2.29,1.60  ,4,8,8.22,7.8,8,6
2022-06-20 13:38:20,2.69,301 ms,3,7.22,8.22,8.1,8,6
2022-06-20 13:38:25,4.08,306 ms,16,7.89,6.24,7.43,8,4
2022-06-20 13:38:30,3.03,293 ms,7,6.22,6.24,6.44,8,3
2022-06-20 13:38:35,3.6,310 ms,13,8,7.72,6.68,8,4
2022-06-20 13:38:40,3.18,275 ms,11,6.56,7.72,7.43,4,4
2022-06-20 13:38:45,3.6,324 ms,14,6.22,6.93,7.49,4,4
2022-06-20 13:38:50,4.5,366 ms,21,7.44,6.93,7.09,4,4
2022-06-20 13:38:55,4.08,304 ms,14,6.89,7.03,6.97,4,4
2022-06-20 13:39:00,3.96,261 ms,14,6.78,7.03,7.02,4,4
2022-06-20 13:39:05,3.72,339 ms,19,7,6.44,6.85,4,4
2022-06-20 13:39:10,4.19,1  ,17,7.78,6.44,6.55,5,4
2022-06-20 13:39:15,4.4,1.04  ,20,6.78,7.23,6.75,5,4
2022-06-20 13:39:20,3.85,970 ms,17,6.56,7.23,7.15,5,4
2022-06-20 13:39:25,3.85,290 ms,15,6,6.63,7.05,5,4
2022-06-20 13:39:30,3.96,288 ms,14,7.33,6.63,6.75,5,4
2022-06-20 13:39:35,4.08,575 ms,16,7.44,7.23,6.87,5,4
2022-06-20 13:39:40,3.96,364 ms,15,6.67,7.23,7.17,5,4
2022-06-20 13:39:45,4.19,307 ms,19,6.44,6.44,6.99,5,4
2022-06-20 13:39:50,3.6,291 ms,11,6.89,6.44,6.59,5,4
2022-06-20 13:39:55,3.6,343 ms,13,7.22,7.43,6.63,5,4
2022-06-20 13:40:00,4.08,369 ms,11,6,7.43,7.13,5,4
2022-06-20 13:40:05,3.85,286 ms,14,7.22,6.63,7.27,5,4
2022-06-20 13:40:10,3.33,360 ms,10,6.22,6.63,6.87,5,4
2022-06-20 13:40:15,3.33,585 ms,8,5.56,5.94,6.43,5,4
2022-06-20 13:40:20,2.05,1.06  ,5,5.56,5.94,6.08,5,4
2022-06-20 13:40:25,2.05,1.33  ,3,5.67,6.14,6,5,5
2022-06-20 13:40:30,2.05,481 ms,3,5.11,6.14,6.1,5,5
2022-06-20 13:40:35,2.05,481 ms,3,4,4.75,5.72,5,3
2022-06-20 13:40:40,2.29,323 ms,4,5.67,4.75,5.03,5,2
2022-06-20 13:40:45,2.87,316 ms,7,5.56,5.05,4.84,5,4
2022-06-20 13:40:50,2.29,276 ms,4,5,5.05,4.99,5,3
2022-06-20 13:40:55,2.69,1.35  ,7,6.44,5.84,5.29,5,4
2022-06-20 13:41:00,3.47,1.11  ,9,6.67,5.84,5.68,5,2
2022-06-20 13:41:05,3.72,496 ms,12,6.56,5.74,5.81,5,4
2022-06-20 13:41:10,4.19,326 ms,15,6.11,5.74,5.76,3,4
2022-06-20 13:41:15,4.4,327 ms,19,5.78,5.45,5.68,3,4
2022-06-20 13:41:20,4.08,298 ms,17,5.33,5.45,5.53,3,4
2022-06-20 13:41:25,3.72,864 ms,14,5.33,5.54,5.46,3,4
2022-06-20 13:41:30,3.33,1.08  ,10,5.22,5.54,5.5,3,4
2022-06-20 13:41:35,4.08,316 ms,16,5.33,5.35,5.5,3,4
2022-06-20 13:41:40,3.33,312 ms,11,4.89,5.35,5.41,4,4
2022-06-20 13:41:45,2.29,429 ms,6,4.22,5.25,5.34,4,3
2022-06-20 13:41:50,2.29,378 ms,3,3.78,5.25,5.29,4,4
2022-06-20 13:41:55,1.76,393 ms,2,3.56,4.06,5.13,4,2
2022-06-20 13:42:00,2.05,327 ms,3,4.11,4.06,4.53,4,2
2022-06-20 13:42:05,3.72,335 ms,12,4.89,4.06,4.06,4,2
2022-06-20 13:42:10,3.03,374 ms,8,5.56,4.06,4.06,3,2
2022-06-20 13:42:15,3.03,360 ms,9,4.11,4.16,4.07,3,3
2022-06-20 13:42:20,3.33,408 ms,10,3.89,4.16,4.12,3,3
2022-06-20 13:42:25,2.87,409 ms,6,3,3.76,4.08,3,3
2022-06-20 13:42:30,2.29,325 ms,4,2.33,3.76,3.88,3,3
2022-06-20 13:42:35,2.5,299 ms,4,3.56,3.76,3.76,3,3
2022-06-20 13:42:40,2.29,295 ms,6,4.44,3.07,3.42,3,3
2022-06-20 13:42:45,2.05,276 ms,3,3.56,3.07,3.07,3,3
2022-06-20 13:42:50,1.76,258 ms,2,2.56,4.16,3.61,3,3
2022-06-20 13:42:55,1.76,800 ms,2,3.11,2.87,4.03,3,3
2022-06-20 13:43:00,1.76,1.35  ,3,3.33,2.87,3.39,3,3
2022-06-20 13:43:05,1.76,1.27  ,2,2,2.77,2.86,3,3
2022-06-20 13:43:10,1.76,292 ms,3,2.33,2.77,2.81,3,1
2022-06-20 13:43:15,2.05,376 ms,3,3,2.77,2.77,3,3
2022-06-20 13:43:20,2.05,869 ms,3,2.22,2.77,2.77,3,3
2022-06-20 13:43:25,1.76,404 ms,2,1.89,1.98,2.69,3,2
2022-06-20 13:43:30,2.5,305 ms,6,2.11,1.98,2.3,3,2
2022-06-20 13:43:35,2.5,316 ms,5,3.33,1.98,1.98,3,1
2022-06-20 13:43:40,3.18,318 ms,9,3.44,2.48,2.23,2,1
2022-06-20 13:43:45,1.76,449 ms,2,2.44,2.87,2.51,2,3
2022-06-20 13:43:50,2.05,300 ms,2,1.56,2.87,2.71,2,3
2022-06-20 13:43:55,2.05,1  ,3,1.67,1.58,2.74,2,3
2022-06-20 13:44:05,2.5,2.07  ,5,2.33,1.58,2.1,2,1
2022-06-20 13:44:10,2.29,3.17  ,4,2.56,1.58,1.58,2,1
2022-06-20 13:44:15,2.05,3.26  ,3,2.44,2.48,2.03,2,1
2022-06-20 13:44:20,1.76,1.85  ,3,1.56,2.48,2.48,2,1
2022-06-20 13:44:25,2.29,314 ms,3,1.44,1.78,2.2,2,1
2022-06-20 13:44:30,2.29,295 ms,5,1.56,1.78,1.85,2,1
2022-06-20 13:44:35,2.05,310 ms,3,1,1.49,1.66,2,2
2022-06-20 13:44:40,3.03,294 ms,8,2,1.49,1.51,2,2
2022-06-20 13:44:45,3.03,294 ms,8,2.33,1.29,1.41,1,2
2022-06-20 13:44:50,2.5,329 ms,5,0.778,1.29,1.31,1,1
2022-06-20 13:44:55,2.87,1  ,6,1,1.78,1.49,1,3
2022-06-20 13:45:00,2.87,4.79  ,7,1.33,1.78,1.73,1,3
2022-06-20 13:45:05,2.29,4.79  ,4,0.889,1.19,1.49,1,3
2022-06-20 13:45:25,2.05,240 ms,3,0.556,1.19,1.19,1,3
2022-06-20 13:45:30,2.05,248 ms,3,0.889,0.891,1.04,2,1
2022-06-20 13:45:35,2.05,1.05  ,3,2.11,0.891,0.891,2,1
2022-06-20 13:45:40,2.05,418 ms,2,2,2.08,1.49,2,2
2022-06-20 13:45:45,1.76,295 ms,3,1.11,2.08,2.08,2,1
2022-06-20 13:45:50,1.76,285 ms,2,1.44,1.19,1.72,2,2
2022-06-20 13:45:55,2.29,275 ms,4,2,1.19,1.28,2,2
2022-06-20 13:46:00,3.33,394 ms,9,1.78,1.49,1.31,1,2
2022-06-20 13:46:05,3.72,747 ms,13,1.78,1.49,1.46,1,1
2022-06-20 13:46:10,4.7,625 ms,23,2.22,1.19,1.4,1,4
2022-06-20 13:46:15,4.88,360 ms,24,2.11,1.19,1.25,1,4
2022-06-20 13:46:20,4.6,348 ms,22,1.78,1.39,1.25,1,4
2022-06-20 13:46:25,3.18,346 ms,14,1,1.39,1.35,1,4
2022-06-20 13:46:30,3.33,292 ms,10,1.56,2.38,1.68,2,3
2022-06-20 13:46:35,2.87,294 ms,6,1.44,2.38,2.18,2,3
2022-06-20 13:46:40,2.29,378 ms,3,1.11,1.88,2.23,2,3
2022-06-20 13:46:45,1.76,307 ms,2,1.22,1.88,1.98,2,3
2022-06-20 13:46:50,1.76,319 ms,2,0.778,1.39,1.73,2,2
2022-06-20 13:46:55,2.05,1  ,3,0.778,1.39,1.49,2,1
2022-06-20 13:47:00,1.76,2.19  ,2,1,0.891,1.19,2,1
2022-06-20 13:47:05,2.69,2.19  ,6,1.56,0.891,0.941,2,3
2022-06-20 13:47:10,2.5,277 ms,5,2.22,1.39,1.04,2,2
2022-06-20 13:47:15,2.05,1.61  ,3,2.22,1.39,1.29,2,1
2022-06-20 13:47:20,2.5,301 ms,5,1.56,2.18,1.7,2,1
2022-06-20 13:47:25,2.05,301 ms,2,1.67,2.18,2.1,2,1
2022-06-20 13:47:30,1.76,300 ms,2,1.56,1.49,1.97,2,1
2022-06-20 13:47:35,1.76,324 ms,2,0.778,1.49,1.62,2,1
2022-06-20 13:47:40,2.5,1  ,5,1.11,0.693,1.25,2,3
2022-06-20 13:47:45,2.05,1  ,3,1.67,0.693,0.851,2,2
2022-06-20 13:47:50,2.05,292 ms,2,1.78,1.98,1.08,2,2
2022-06-20 13:47:55,3.72,773 ms,13,2.67,1.98,1.72,2,2
2022-06-20 13:48:00,3.47,730 ms,11,2.22,1.39,1.8,1,1
2022-06-20 13:48:05,3.6,509 ms,12,1.22,1.39,1.5,1,1
2022-06-20 13:48:10,3.72,1.13  ,13,1.33,1.29,1.37,1,3
2022-06-20 13:48:15,2.5,1.08  ,6,1.56,1.29,1.32,1,3
2022-06-20 13:48:20,2.05,1.12  ,2,0.889,2.28,1.49,1,3
2022-06-20 13:48:25,1.76,1.83  ,2,0.667,2.28,1.98,1,3
2022-06-20 13:48:30,1.76,2.40  ,3,1.11,0.891,1.86,2,2
2022-06-20 13:48:35,1.76,511 ms,2,0.778,0.891,1.17,2,2
2022-06-20 13:48:40,1.76,377 ms,2,0.556,0.594,0.832,2,2
2022-06-20 13:48:45,1.76,493 ms,2,0.111,0.594,0.683,2,2
2022-06-20 13:48:50,1.76,383 ms,2,0,0.099,0.446,2,1
2022-06-20 13:48:55,1.76,588 ms,2,0.222,0.099,0.198,2,1
2022-06-20 13:49:00,1.76,337 ms,2,0.667,0.297,0.139,1,2
2022-06-20 13:49:05,1.76,285 ms,2,0.889,0.297,0.238,1,2
2022-06-20 13:49:10,1.76,300 ms,2,0.667,0.792,0.347,1,1
2022-06-20 13:49:15,1.76,349 ms,2,0.889,0.792,0.594,1,1
2022-06-20 13:49:20,2.69,435 ms,6,1.33,1.19,0.832,1,1
2022-06-20 13:49:25,2.5,1  ,5,1.67,1.19,1.03,1,1
2022-06-20 13:49:35,2.87,2.31  ,7,1.78,1.49,1.22,1,3
2022-06-20 13:49:40,2.05,1.26  ,3,1.33,1.49,1.37,1,1
2022-06-20 13:49:45,1.76,500 ms,2,0.889,1.39,1.47,1,1
2022-06-20 13:49:50,2.05,497 ms,3,1.89,1.39,1.42,1,1
2022-06-20 13:49:55,1.76,256 ms,2,1.78,1.98,1.5,1,1
2022-06-20 13:50:00,2.05,1.42  ,4,1,1.98,1.8,1,3
2022-06-20 13:50:05,1.76,2.68  ,2,1,0.99,1.88,2,1
2022-06-20 13:50:10,2.05,1.60  ,3,0.889,0.99,1.39,2,1
2022-06-20 13:50:15,1.76,921 ms,2,1.44,1.39,1.07,2,1
2022-06-20 13:50:20,1.76,343 ms,3,1.22,1.39,1.27,2,1
2022-06-20 13:50:25,2.05,308 ms,3,0.889,0.891,1.34,2,2
2022-06-20 13:50:30,2.87,341 ms,5,1.56,0.891,1.09,2,1
2022-06-20 13:50:35,3.18,479 ms,9,2,1.39,0.941,1,2
2022-06-20 13:50:40,2.87,445 ms,7,1.44,1.39,1.19,1,1
2022-06-20 13:50:45,2.29,355 ms,4,1.22,1.68,1.42,1,3
2022-06-20 13:50:50,1.76,297 ms,2,0.889,1.68,1.56,1,3
2022-06-20 13:50:55,2.05,294 ms,3,1.44,1.68,1.68,1,3
2022-06-20 13:51:10,2.69,3.65  ,6,1.78,1.09,1.39,1,1
2022-06-20 13:51:15,2.29,2.68  ,5,1.67,1.09,1.09,1,1
2022-06-20 13:51:20,2.69,1.57  ,7,1.22,1.68,1.39,1,3
2022-06-20 13:51:25,3.33,1.17  ,10,1.67,1.68,1.68,1,1
2022-06-20 13:51:30,1.76,411 ms,4,1.33,1.09,1.39,1,3
2022-06-20 13:51:35,2.05,461 ms,3,1.33,1.09,1.09,1,3
2022-06-20 13:51:40,2.05,472 ms,3,1.22,1.88,1.49,1,3
2022-06-20 13:51:45,1.76,401 ms,2,1.67,1.88,1.88,2,3
2022-06-20 13:51:50,1.76,477 ms,2,0.778,1.58,1.73,2,1
2022-06-20 13:51:55,2.69,1  ,6,1.11,1.58,1.58,2,1
2022-06-20 13:52:00,2.05,2.77  ,2,1.56,0.891,1.24,2,1
2022-06-20 13:52:25,2.05,552 ms,3,1.11,0.891,0.891,2,1
2022-06-20 13:52:30,2.05,325 ms,3,1.33,1.29,1.09,2,1
2022-06-20 13:52:35,1.76,335 ms,2,1.67,1.29,1.29,1,1
2022-06-20 13:52:40,2.87,320 ms,7,1.56,1.29,1.29,1,1
2022-06-20 13:52:45,3.03,303 ms,8,1.22,1.29,1.29,1,2
2022-06-20 13:52:50,2.87,383 ms,7,1.11,0.99,1.14,1,3
2022-06-20 13:52:55,2.05,339 ms,3,1.11,0.99,0.99,1,3
2022-06-20 13:53:00,2.05,292 ms,2,1.11,1.68,1.34,1,3
2022-06-20 13:53:05,2.05,287 ms,3,0.889,1.68,1.68,2,3
2022-06-20 13:53:10,2.69,569 ms,6,1.33,0.792,1.33,2,1
2022-06-20 13:53:15,2.05,515 ms,3,1.56,0.792,0.881,2,1
2022-06-20 13:53:20,1.76,361 ms,2,0.222,1.39,1.09,2,1
2022-06-20 13:53:25,2.05,328 ms,2,1.22,1.39,1.39,2,1
2022-06-20 13:53:30,3.03,346 ms,9,2.67,1.09,1.24,2,2
2022-06-20 13:53:35,2.5,343 ms,5,2.11,1.09,1.09,1,1
2022-06-20 13:53:40,3.03,1  ,8,1.67,1.98,1.45,1,1
2022-06-20 13:53:45,3.72,1.30  ,13,2.22,1.98,1.89,1,1
2022-06-20 13:53:50,4.19,737 ms,17,1.78,1.39,1.74,1,1
2022-06-20 13:53:55,4.19,332 ms,17,1.89,1.39,1.45,1,1
2022-06-20 13:54:00,4.29,729 ms,18,1.67,1.39,1.39,1,4
2022-06-20 13:54:05,3.47,1.17  ,12,1.22,1.39,1.39,2,3
2022-06-20 13:54:10,3.18,506 ms,9,1.89,1.88,1.63,2,3
2022-06-20 13:54:15,3.72,470 ms,13,2.67,1.88,1.88,2,1
2022-06-20 13:54:20,3.96,1.32  ,15,3,2.87,2.18,2,4
2022-06-20 13:54:25,3.96,771 ms,13,2.22,2.87,2.67,2,4
2022-06-20 13:54:30,3.47,392 ms,11,2.33,2.38,2.72,2,3
2022-06-20 13:54:35,3.6,384 ms,12,2.22,2.38,2.48,2,4
2022-06-20 13:54:40,3.47,313 ms,11,2.11,2.08,2.26,2,1
2022-06-20 13:54:45,3.18,338 ms,9,2,2.08,2.11,2,3
2022-06-20 13:54:50,2.5,276 ms,5,1.67,2.38,2.17,2,3
2022-06-20 13:54:55,1.76,244 ms,2,2.67,2.38,2.32,2,3
2022-06-20 13:55:00,1.76,384 ms,2,3.22,3.37,2.77,2,3
2022-06-20 13:55:05,2.29,412 ms,4,2.67,3.37,3.27,3,3
2022-06-20 13:55:10,2.05,350 ms,4,3,2.77,3.19,3,3
2022-06-20 13:55:15,2.5,320 ms,5,2.56,2.77,2.89,3,2
2022-06-20 13:55:20,2.69,265 ms,5,2.78,2.38,2.65,3,1
2022-06-20 13:55:25,1.76,361 ms,2,2.44,2.38,2.46,3,2
2022-06-20 13:55:30,1.76,343 ms,2,2.33,2.77,2.53,3,3
2022-06-20 13:55:35,1.76,359 ms,3,2.44,2.77,2.73,2,3
2022-06-20 13:55:40,2.5,458 ms,5,3.11,2.57,2.71,2,2
2022-06-20 13:55:45,3.03,500 ms,8,3.22,2.57,2.61,2,1
2022-06-20 13:55:50,3.85,270 ms,13,4.56,3.17,2.69,2,1
2022-06-20 13:55:55,4.08,276 ms,16,5.22,3.17,2.99,2,1
2022-06-20 13:56:00,4.29,356 ms,18,4.33,3.86,3.38,2,4
2022-06-20 13:56:05,4.19,1.21  ,19,3.11,3.86,3.72,3,4
2022-06-20 13:56:10,3.85,285 ms,13,3.22,3.96,3.89,3,4
2022-06-20 13:56:15,3.6,285 ms,12,3.56,3.96,3.94,3,4
2022-06-20 13:56:20,3.96,380 ms,16,4.67,3.86,3.93,3,4
2022-06-20 13:56:25,3.47,360 ms,12,4,3.86,3.88,3,4
2022-06-20 13:56:30,3.33,324 ms,11,3.33,3.96,3.88,3,4
2022-06-20 13:56:35,3.96,388 ms,14,3.67,3.96,3.93,3,4
2022-06-20 13:56:40,4.19,422 ms,17,5.44,4.16,4,3,4
2022-06-20 13:56:45,3.96,333 ms,16,4.67,4.16,4.1,3,4
2022-06-20 13:56:50,2.5,346 ms,15,3.44,3.96,4.1,3,4
2022-06-20 13:56:55,3.03,377 ms,6,3.44,3.96,4,3,3
2022-06-20 13:57:00,3.33,449 ms,11,4.44,4.46,4.11,3,4
2022-06-20 13:57:05,3.96,416 ms,15,5.67,4.46,4.36,3,4
2022-06-20 13:57:10,4.19,289 ms,17,5.22,4.95,4.5,3,4
2022-06-20 13:57:15,4.19,465 ms,16,4.78,4.95,4.75,3,4
2022-06-20 13:57:20,4.5,341 ms,20,5.11,4.75,4.93,3,4
2022-06-20 13:57:25,4.5,577 ms,18,4.89,4.75,4.83,3,4
2022-06-20 13:57:30,3.96,695 ms,15,4.11,5.15,4.83,3,4
2022-06-20 13:57:35,3.85,564 ms,14,4,5.15,5.03,4,4
2022-06-20 13:57:40,4.08,395 ms,15,4.44,4.16,4.95,4,4
2022-06-20 13:57:45,3.96,292 ms,17,6.11,4.16,4.46,4,4
2022-06-20 13:57:50,3.72,325 ms,12,5.67,6.34,4.59,4,4
2022-06-20 13:57:55,3.6,398 ms,11,4.78,6.34,5.68,4,4
2022-06-20 13:58:00,3.96,416 ms,15,5.11,4.65,6.17,4,4
2022-06-20 13:58:05,3.72,617 ms,13,5,4.65,5.33,4,4
2022-06-20 13:58:10,4.33,512 ms,17,5.89,5.25,4.77,4,4
2022-06-20 13:58:15,4.08,340 ms,16,7.33,5.25,5.07,4,4
2022-06-20 13:58:20,4.19,370 ms,15,6.67,6.83,5.56,4,4
2022-06-20 13:58:25,3.96,332 ms,15,6.11,6.83,6.36,4,4
2022-06-20 13:58:30,4.29,329 ms,19,6,6.04,6.67,4,4
2022-06-20 13:58:35,4.19,792 ms,18,6.67,6.04,6.28,4,4
2022-06-20 13:58:40,4.6,1.31  ,20,6.89,6.04,6.04,4,4
2022-06-20 13:58:45,4.5,1.14  ,19,6.33,6.53,6.29,4,4
2022-06-20 13:58:50,4.29,788 ms,18,5.44,5.84,6.47,4,4
2022-06-20 13:58:55,3.6,473 ms,12,4.78,5.84,6.12,4,4
2022-06-20 13:59:00,2.5,349 ms,5,4,5.64,5.82,4,6
2022-06-20 13:59:05,2.87,399 ms,7,4.44,5.64,5.72,5,3
2022-06-20 13:59:10,2.5,446 ms,5,5.44,5.54,5.63,5,4
2022-06-20 13:59:15,2.29,347 ms,3,5.56,5.54,5.58,5,4
2022-06-20 13:59:20,2.05,312 ms,4,4.89,5.15,5.5,5,4
2022-06-20 13:59:25,2.29,301 ms,4,4.67,5.15,5.31,5,4
2022-06-20 13:59:30,2.05,310 ms,2,4.89,4.75,5.11,5,3
2022-06-20 13:59:35,2.69,300 ms,4,4.89,4.75,4.91,4,4
2022-06-20 13:59:40,3.03,284 ms,6,6.11,4.75,4.75,4,3
2022-06-20 13:59:45,3.85,292 ms,14,6.89,5.64,5.2,4,2
2022-06-20 13:59:50,3.03,363 ms,8,6,5.64,5.64,4,3
2022-06-20 13:59:55,3.85,599 ms,13,5,5.84,5.74,4,4
2022-06-20 14:00:00,3.85,576 ms,13,4.78,5.84,5.84,4,4
2022-06-20 14:00:05,3.96,362 ms,15,5.33,4.16,5,3,4
2022-06-20 14:00:10,4.19,330 ms,13,5.56,4.16,4.16,3,4
2022-06-20 14:00:15,5.64,457 ms,34,7.22,5.45,4.67,3,4
2022-06-20 14:00:20,5.72,417 ms,34,6.78,5.45,5.32,3,4
2022-06-20 14:00:25,4.88,478 ms,22,6,5.74,5.59,3,4
2022-06-20 14:00:30,4.29,441 ms,18,6,5.74,5.74,3,4
2022-06-20 14:00:35,4.6,398 ms,20,6.33,7.62,6.5,4,4
2022-06-20 14:00:40,4.4,336 ms,17,5.89,7.62,7.44,4,4
2022-06-20 14:00:45,4.29,361 ms,19,6.44,5.84,6.91,4,4
2022-06-20 14:00:50,4.4,342 ms,18,6.67,5.84,6.02,4,4
2022-06-20 14:00:55,4.19,296 ms,17,6,6.63,6.16,4,4
2022-06-20 14:01:00,3.96,360 ms,15,4.56,6.63,6.55,4,4
2022-06-20 14:01:05,4.29,494 ms,18,5.11,4.75,5.88,5,4
2022-06-20 14:01:10,3.85,410 ms,14,4.78,4.75,4.94,5,4
2022-06-20 14:01:15,3.33,466 ms,10,4.78,5.15,4.91,5,4
2022-06-20 14:01:20,3.33,1.17  ,12,5.11,5.15,5.11,5,4
2022-06-20 14:01:25,4.19,1  ,17,7.33,5.54,5.35,5,4
2022-06-20 14:01:30,3.96,1  ,18,9.44,5.54,5.54,5,4
2022-06-20 14:01:35,4.4,1  ,14,8.22,8.42,6.69,5,4
2022-06-20 14:01:40,3.33,1  ,12,7.11,8.42,8.13,5,4
2022-06-20 14:01:45,3.47,1  ,13,6.22,8.32,8.38,5,4
2022-06-20 14:01:50,3.85,1  ,11,5.11,8.32,8.33,5,4
2022-06-20 14:01:55,3.6,1  ,11,5.89,5.25,7.4,5,4
2022-06-20 14:02:00,2.5,1  ,4,4.78,5.25,5.86,5,3
2022-06-20 14:02:05,2.69,1  ,7,5,5.84,5.43,5,6
2022-06-20 14:02:10,2.87,1  ,6,6.56,5.84,5.72,5,3
,2.05,1  ,4,7.33,7.03,6.32,5,6
,2.69,1  ,4,6.67,7.03,6.91,5,3
,2.69,1  ,3,7.22,6.93,6.99,5,5
,2.29,1  ,3,6.56,6.93,6.94,5,5
,2.5,1  ,5,5.78,6.24,6.72,5,5
,2.69,1  ,4,6.44,6.24,6.38,5,5
,2.69,1  ,6,6.67,6.73,6.39,5,5
,2.5,1  ,4,6.56,6.73,6.63,5,5
,5.68,1  ,20,8.11,6.34,6.61,5,3
,2.05,1  ,3,5,6.34,6.42,5,6
,1.76,1  ,2,0,4.16,5.68,4,3
,1.76,1  ,2,0,4.16,4.59,4,3
,1.76,1  ,2,0,4.16,4.16,4,2
,1.76,1  ,2,0,4.16,4.16,4,2
,1.76,1  ,2,0,4.16,4.16,4,2
,1.76,1  ,2,0,4.16,4.16,4,2
,1.76,1  ,2,0,4.16,4.16,2,2
,1.76,1  ,2,0,4.16,4.16,2,2
,1.76,1  ,2,0,4.16,4.16,2,2
,1.76,1  ,2,0,4.16,4.16,2,2
